analysis,ssp,scenario_code,scenario,s_mil_2025_assumed,cum_E_mil_2026_2050_GtCO2e,cum_E_mil_CO2_Gt,pct_1p5_budget_used,pct_2C_budget_used,pct_1p5_budget_remaining
SA1_AR6_fixed_split,SSP1-1.9,S0,Baseline,0.033,15.047584320514318,11.135212397180595,8.565547997831226,1.0604964187791042,91.43445200216877
SA1_AR6_fixed_split,SSP1-1.9,S0,Baseline,0.055,25.079307200857198,18.558687328634328,14.275913329718714,1.7674940312985075,85.72408667028128
SA1_AR6_fixed_split,SSP1-1.9,S0,Baseline,0.07,31.919118255636434,23.620147509170963,18.169344237823815,2.249537858016282,81.83065576217618
SA1_AR6_fixed_split,SSP1-1.9,S1,"NATO→3.5%, nonNATO holds",0.033,16.741899937828258,12.38900595399291,9.530004579994547,1.1799053289517056,90.46999542000546
SA1_AR6_fixed_split,SSP1-1.9,S1,"NATO→3.5%, nonNATO holds",0.055,27.903166563047098,20.64834325665485,15.88334096665758,1.9665088815861764,84.11665903334242
SA1_AR6_fixed_split,SSP1-1.9,S1,"NATO→3.5%, nonNATO holds",0.07,35.51312108024176,26.2797095993789,20.215161230291464,2.5028294856551336,79.78483876970853
SA1_AR6_fixed_split,SSP1-1.9,S2,"NATO→3.5%, nonNATO→3.5%",0.033,19.268179222153268,14.258452624393419,10.96804048030263,1.3579478689898494,89.03195951969737
SA1_AR6_fixed_split,SSP1-1.9,S2,"NATO→3.5%, nonNATO→3.5%",0.055,32.11363203692211,23.764087707322364,18.28006746717105,2.2632464483164156,81.71993253282895
SA1_AR6_fixed_split,SSP1-1.9,S2,"NATO→3.5%, nonNATO→3.5%",0.07,40.87189531971905,30.245202536592096,23.26554041276315,2.880495479675438,76.73445958723684
SA1_AR6_fixed_split,SSP1-1.9,S3,"NATO→5%, nonNATO→3.5%",0.033,22.4450210046169,16.609315543416507,12.776396571858852,1.5818395755634769,87.22360342814115
SA1_AR6_fixed_split,SSP1-1.9,S3,"NATO→5%, nonNATO→3.5%",0.055,37.408368341028165,27.68219257236084,21.293994286431417,2.636399292605794,78.70600571356859
SA1_AR6_fixed_split,SSP1-1.9,S3,"NATO→5%, nonNATO→3.5%",0.07,47.610650615854034,35.23188145573199,27.10144727363999,3.3554172814982843,72.89855272636001
SA1_AR6_fixed_split,SSP1-2.6,S0,Baseline,0.033,30.780917766792715,22.77787914742661,17.52144549802047,2.169321823564439,82.47855450197953
SA1_AR6_fixed_split,SSP1-2.6,S0,Baseline,0.055,51.3015296113212,37.96313191237769,29.202409163367452,3.615536372607399,70.79759083663255
SA1_AR6_fixed_split,SSP1-2.6,S0,Baseline,0.07,65.29285586895425,48.316713343026144,37.16670257155857,4.60159174695487,62.83329742844143
SA1_AR6_fixed_split,SSP1-2.6,S1,"NATO→3.5%, nonNATO holds",0.033,34.608583972103894,25.61035213935688,19.70027087642837,2.4390811561292267,80.29972912357164
SA1_AR6_fixed_split,SSP1-2.6,S1,"NATO→3.5%, nonNATO holds",0.055,57.68097328683983,42.68392023226147,32.83378479404728,4.065135260215378,67.16621520595271
SA1_AR6_fixed_split,SSP1-2.6,S1,"NATO→3.5%, nonNATO holds",0.07,73.41214781961432,54.324989386514595,41.788453374241996,5.17380851300139,58.211546625758004
SA1_AR6_fixed_split,SSP1-2.6,S2,"NATO→3.5%, nonNATO→3.5%",0.033,40.31575785575041,29.833660813255303,22.94896985635023,2.841301029833838,77.05103014364977
SA1_AR6_fixed_split,SSP1-2.6,S2,"NATO→3.5%, nonNATO→3.5%",0.055,67.19292975958403,49.72276802209218,38.24828309391707,4.735501716389732,61.75171690608293
SA1_AR6_fixed_split,SSP1-2.6,S2,"NATO→3.5%, nonNATO→3.5%",0.07,85.51827423947057,63.283522937208225,48.679633028621716,6.0270021844960215,51.320366971378284
SA1_AR6_fixed_split,SSP1-2.6,S3,"NATO→5%, nonNATO→3.5%",0.033,47.492631990708865,35.14454767312456,27.034267440865047,3.3470997783928156,72.96573255913495
SA1_AR6_fixed_split,SSP1-2.6,S3,"NATO→5%, nonNATO→3.5%",0.055,79.15438665118145,58.574246121874275,45.05711240144175,5.578499630654693,54.94288759855825
SA1_AR6_fixed_split,SSP1-2.6,S3,"NATO→5%, nonNATO→3.5%",0.07,100.7419466469582,74.54904051874907,57.34541578365313,7.0999086208332445,42.65458421634687
SA1_AR6_fixed_split,SSP2-4.5,S0,Baseline,0.033,45.695007621052795,33.81430563957907,26.011004338137745,3.2204100609122923,73.98899566186225
SA1_AR6_fixed_split,SSP2-4.5,S0,Baseline,0.055,76.15834603508799,56.35717606596511,43.351673896896244,5.367350101520487,56.648326103103756
SA1_AR6_fixed_split,SSP2-4.5,S0,Baseline,0.07,96.92880404465745,71.72731499304652,55.17485768695886,6.831172856480621,44.82514231304114
SA1_AR6_fixed_split,SSP2-4.5,S1,"NATO→3.5%, nonNATO holds",0.033,51.70657650010396,38.26286661007693,29.43297431544379,3.6440825342930405,70.56702568455621
SA1_AR6_fixed_split,SSP2-4.5,S1,"NATO→3.5%, nonNATO holds",0.055,86.17762750017326,63.77144435012821,49.05495719240632,6.073470890488402,50.94504280759368
SA1_AR6_fixed_split,SSP2-4.5,S1,"NATO→3.5%, nonNATO holds",0.07,109.68061681840236,81.16365644561775,62.43358188124442,7.729872042439785,37.56641811875558
SA1_AR6_fixed_split,SSP2-4.5,S2,"NATO→3.5%, nonNATO→3.5%",0.033,60.670019774926764,44.8958146334458,34.535242025727534,4.275791869851981,65.46475797427246
SA1_AR6_fixed_split,SSP2-4.5,S2,"NATO→3.5%, nonNATO→3.5%",0.055,101.11669962487794,74.82635772240967,57.5587367095459,7.126319783086635,42.4412632904541
SA1_AR6_fixed_split,SSP2-4.5,S2,"NATO→3.5%, nonNATO→3.5%",0.07,128.69398134075377,95.23354619215779,73.25657399396754,9.069861542110266,26.743426006032465
SA1_AR6_fixed_split,SSP2-4.5,S3,"NATO→5%, nonNATO→3.5%",0.033,71.9417114231477,53.236866453129295,40.95143573317638,5.070177757440885,59.04856426682362
SA1_AR6_fixed_split,SSP2-4.5,S3,"NATO→5%, nonNATO→3.5%",0.055,119.90285237191283,88.7281107552155,68.2523928886273,8.450296262401476,31.7476071113727
SA1_AR6_fixed_split,SSP2-4.5,S3,"NATO→5%, nonNATO→3.5%",0.07,152.60363029152543,112.92668641572882,86.86668185825293,10.754922515783697,13.133318141747068
SA1_AR6_fixed_split,SSP3-7.0,S0,Baseline,0.033,61.63515661594031,45.61001589579583,35.08462761215064,4.343811037694842,64.91537238784936
SA1_AR6_fixed_split,SSP3-7.0,S0,Baseline,0.055,102.72526102656718,76.01669315965971,58.47437935358439,7.2396850628247345,41.52562064641561
SA1_AR6_fixed_split,SSP3-7.0,S0,Baseline,0.07,130.74124130654005,96.74851856683964,74.4219373591074,9.214144625413297,25.578062640892597
SA1_AR6_fixed_split,SSP3-7.0,S1,"NATO→3.5%, nonNATO holds",0.033,69.87818745007812,51.709858713057805,39.776814394659844,4.924748448862648,60.223185605340156
SA1_AR6_fixed_split,SSP3-7.0,S1,"NATO→3.5%, nonNATO holds",0.055,116.4636457501302,86.18309785509635,66.29469065776642,8.207914081437748,33.705309342233576
SA1_AR6_fixed_split,SSP3-7.0,S1,"NATO→3.5%, nonNATO holds",0.07,148.22645822743843,109.68757908830443,84.37506083715725,10.446436103648042,15.62493916284275
SA1_AR6_fixed_split,SSP3-7.0,S2,"NATO→3.5%, nonNATO→3.5%",0.033,82.16881253995837,60.80492127956919,46.77301636889938,5.7909448837684945,53.22698363110062
SA1_AR6_fixed_split,SSP3-7.0,S2,"NATO→3.5%, nonNATO→3.5%",0.055,136.9480208999306,101.34153546594865,77.95502728149897,9.651574806280824,22.04497271850103
SA1_AR6_fixed_split,SSP3-7.0,S2,"NATO→3.5%, nonNATO→3.5%",0.07,174.29748114536622,128.980136047571,99.2154892673623,12.283822480721048,0.784510732637699
SA1_AR6_fixed_split,SSP3-7.0,S3,"NATO→5%, nonNATO→3.5%",0.033,97.62449535396675,72.2421265619354,55.570866586104145,6.880202529708133,44.429133413895855
SA1_AR6_fixed_split,SSP3-7.0,S3,"NATO→5%, nonNATO→3.5%",0.055,162.70749225661126,120.40354426989234,92.61811097684026,11.467004216180223,7.381889023159744
SA1_AR6_fixed_split,SSP3-7.0,S3,"NATO→5%, nonNATO→3.5%",0.07,207.0822628720507,153.2408745253175,117.87759578870578,14.594369002411192,-17.877595788705776
SA1_AR6_fixed_split,SSP5-8.5,S0,Baseline,0.033,67.92778631613096,50.266561873936915,38.66658605687455,4.787291607041611,61.33341394312545
SA1_AR6_fixed_split,SSP5-8.5,S0,Baseline,0.055,113.2129771935516,83.77760312322818,64.44431009479091,7.9788193450693505,35.55568990520909
SA1_AR6_fixed_split,SSP5-8.5,S0,Baseline,0.07,144.08924370088386,106.62604033865405,82.02003102973389,10.15486098463372,17.979968970266114
SA1_AR6_fixed_split,SSP5-8.5,S1,"NATO→3.5%, nonNATO holds",0.033,77.19469659658913,57.124075481475955,43.94159652421227,5.440388141092948,56.05840347578773
SA1_AR6_fixed_split,SSP5-8.5,S1,"NATO→3.5%, nonNATO holds",0.055,128.65782766098187,95.20679246912658,73.23599420702044,9.067313568488245,26.76400579297956
SA1_AR6_fixed_split,SSP5-8.5,S1,"NATO→3.5%, nonNATO holds",0.07,163.74632611397692,121.17228132434292,93.20944717257147,11.540217268985039,6.790552827428527
SA1_AR6_fixed_split,SSP5-8.5,S2,"NATO→3.5%, nonNATO→3.5%",0.033,91.01195899563015,67.34884965676632,51.80680742828178,6.414176157787268,48.19319257171822
SA1_AR6_fixed_split,SSP5-8.5,S2,"NATO→3.5%, nonNATO→3.5%",0.055,151.68659832605024,112.24808276127717,86.3446790471363,10.690293596312113,13.655320952863704
SA1_AR6_fixed_split,SSP5-8.5,S2,"NATO→3.5%, nonNATO→3.5%",0.07,193.05567059679123,142.86119624162552,109.89322787817348,13.605828213488143,-9.893227878173477
SA1_AR6_fixed_split,SSP5-8.5,S3,"NATO→5%, nonNATO→3.5%",0.033,108.38741577148919,80.206687670902,61.69745205454,7.638732159133524,38.30254794546
SA1_AR6_fixed_split,SSP5-8.5,S3,"NATO→5%, nonNATO→3.5%",0.055,180.64569295248197,133.67781278483665,102.82908675756664,12.731220265222538,-2.8290867575666425
SA1_AR6_fixed_split,SSP5-8.5,S3,"NATO→5%, nonNATO→3.5%",0.07,229.9127001213407,170.13539808979212,130.87338314599393,16.203371246646867,-30.873383145993927
