ssp,year,ar6_model,ar6_scenario,GDP_AR6_raw_trillion,GDP_AR6_variable,GDP_AR6_unit_native,GHG_AR6_GtCO2e,GHG_AR6_variable,GHG_AR6_unit_native,GDP_world,GDP_model_basis,GHG_world_Gt,GHG_model_basis,s_NATO_GDP,bloc_split_basis,GDP_NATO,GDP_nonNATO,economy_GHG_intensity,economy_GHG_intensity_2025,intensity_multiplier_q,analysis
SSP1-1.9,2025,IMAGE 3.0.1,SSP1-19,138.56683200039697,GDP|PPP,billion US$2010/yr,36.694591575976645,AR6 climate diagnostics|Infilled|Emissions|Kyoto Gases (AR6-GWP100),Mt CO2-equiv/yr,138.56683200039697,AR6 World GDP level and trajectory (unrebased),36.694591575976645,"AR6 World GHG, unrebased",0.5018,Fixed original NATO GDP share = 0.5018,69.53283629779921,69.03399570259776,0.26481511517757383,0.26481511517757383,1.0,SA1_AR6_fixed_split
SSP1-1.9,2026,IMAGE 3.0.1,SSP1-19,144.59391012503605,GDP|PPP,billion US$2010/yr,34.74468649303279,AR6 climate diagnostics|Infilled|Emissions|Kyoto Gases (AR6-GWP100),Mt CO2-equiv/yr,144.59391012503605,AR6 World GDP level and trajectory (unrebased),34.74468649303279,"AR6 World GHG, unrebased",0.5018,Fixed original NATO GDP share = 0.5018,72.55722410074308,72.03668602429296,0.24029149265683242,0.26481511517757383,0.9073934185958498,SA1_AR6_fixed_split
SSP1-1.9,2027,IMAGE 3.0.1,SSP1-19,150.8831409610859,GDP|PPP,billion US$2010/yr,32.796504345916006,AR6 climate diagnostics|Infilled|Emissions|Kyoto Gases (AR6-GWP100),Mt CO2-equiv/yr,150.8831409610859,AR6 World GDP level and trajectory (unrebased),32.796504345916006,"AR6 World GHG, unrebased",0.5018,Fixed original NATO GDP share = 0.5018,75.71316013427291,75.16998082681299,0.2173636109177666,0.26481511517757383,0.820812704637391,SA1_AR6_fixed_split
SSP1-1.9,2028,IMAGE 3.0.1,SSP1-19,157.44592705596344,GDP|PPP,billion US$2010/yr,30.850045135218938,AR6 climate diagnostics|Infilled|Emissions|Kyoto Gases (AR6-GWP100),Mt CO2-equiv/yr,157.44592705596344,AR6 World GDP level and trajectory (unrebased),30.850045135218938,"AR6 World GHG, unrebased",0.5018,Fixed original NATO GDP share = 0.5018,79.00636619668245,78.43956085928099,0.19594057281807886,0.26481511517757383,0.7399146105640133,SA1_AR6_fixed_split
SSP1-1.9,2029,IMAGE 3.0.1,SSP1-19,164.2941669202464,GDP|PPP,billion US$2010/yr,28.90530888038478,AR6 climate diagnostics|Infilled|Emissions|Kyoto Gases (AR6-GWP100),Mt CO2-equiv/yr,164.2941669202464,AR6 World GDP level and trajectory (unrebased),28.90530888038478,"AR6 World GHG, unrebased",0.5018,Fixed original NATO GDP share = 0.5018,82.44281296057964,81.85135395966675,0.17593630633530852,0.26481511517757383,0.6643741095266902,SA1_AR6_fixed_split
SSP1-1.9,2030,IMAGE 3.0.1,SSP1-19,171.44027659999995,GDP|PPP,billion US$2010/yr,26.962295561810947,AR6 climate diagnostics|Infilled|Emissions|Kyoto Gases (AR6-GWP100),Mt CO2-equiv/yr,171.44027659999995,AR6 World GDP level and trajectory (unrebased),26.962295561810947,"AR6 World GHG, unrebased",0.5018,Fixed original NATO GDP share = 0.5018,86.02873079787997,85.41154580211997,0.1572693190685797,0.26481511517757383,0.5938834683326951,SA1_AR6_fixed_split
SSP1-1.9,2031,IMAGE 3.0.1,SSP1-19,177.7089843520823,GDP|PPP,billion US$2010/yr,25.64996295935584,AR6 climate diagnostics|Infilled|Emissions|Kyoto Gases (AR6-GWP100),Mt CO2-equiv/yr,177.7089843520823,AR6 World GDP level and trajectory (unrebased),25.64996295935584,"AR6 World GHG, unrebased",0.5018,Fixed original NATO GDP share = 0.5018,89.1743683478749,88.5346160042074,0.14433689468697528,0.26481511517757383,0.5450477952898914,SA1_AR6_fixed_split
SSP1-1.9,2032,IMAGE 3.0.1,SSP1-19,184.20690718512637,GDP|PPP,billion US$2010/yr,24.338883259701028,AR6 climate diagnostics|Infilled|Emissions|Kyoto Gases (AR6-GWP100),Mt CO2-equiv/yr,184.20690718512637,AR6 World GDP level and trajectory (unrebased),24.338883259701028,"AR6 World GHG, unrebased",0.5018,Fixed original NATO GDP share = 0.5018,92.43502602549641,91.77188115962996,0.132127962146613,0.26481511517757383,0.49894418624108205,SA1_AR6_fixed_split
SSP1-1.9,2033,IMAGE 3.0.1,SSP1-19,190.94242634059682,GDP|PPP,billion US$2010/yr,23.02905646851484,AR6 climate diagnostics|Infilled|Emissions|Kyoto Gases (AR6-GWP100),Mt CO2-equiv/yr,190.94242634059682,AR6 World GDP level and trajectory (unrebased),23.02905646851484,"AR6 World GHG, unrebased",0.5018,Fixed original NATO GDP share = 0.5018,95.81490953771149,95.12751680288534,0.12060733127710635,0.26481511517757383,0.45543975537888826,SA1_AR6_fixed_split
SSP1-1.9,2034,IMAGE 3.0.1,SSP1-19,197.92422951976133,GDP|PPP,billion US$2010/yr,21.72048257316767,AR6 climate diagnostics|Infilled|Emissions|Kyoto Gases (AR6-GWP100),Mt CO2-equiv/yr,197.92422951976133,AR6 World GDP level and trajectory (unrebased),21.72048257316767,"AR6 World GHG, unrebased",0.5018,Fixed original NATO GDP share = 0.5018,99.31837837301624,98.60585114674508,0.10974140268662272,0.26481511517757383,0.41440762402491554,SA1_AR6_fixed_split
SSP1-1.9,2035,IMAGE 3.0.1,SSP1-19,205.16132208938131,GDP|PPP,billion US$2010/yr,20.41316160340252,AR6 climate diagnostics|Infilled|Emissions|Kyoto Gases (AR6-GWP100),Mt CO2-equiv/yr,205.16132208938131,AR6 World GDP level and trajectory (unrebased),20.41316160340252,"AR6 World GHG, unrebased",0.5018,Fixed original NATO GDP share = 0.5018,102.94995142445156,102.21137066492976,0.0994980993274612,0.26481511517757383,0.3757266622063547,SA1_AR6_fixed_split
SSP1-1.9,2036,IMAGE 3.0.1,SSP1-19,212.66303869714082,GDP|PPP,billion US$2010/yr,19.10708468496671,AR6 climate diagnostics|Infilled|Emissions|Kyoto Gases (AR6-GWP100),Mt CO2-equiv/yr,212.66303869714082,AR6 World GDP level and trajectory (unrebased),19.10708468496671,"AR6 World GHG, unrebased",0.5018,Fixed original NATO GDP share = 0.5018,106.71431281822527,105.94872587891555,0.08984675852477415,0.26481511517757383,0.3392810809327357,SA1_AR6_fixed_split
SSP1-1.9,2037,IMAGE 3.0.1,SSP1-19,220.4390553117926,GDP|PPP,billion US$2010/yr,17.80225924729304,AR6 climate diagnostics|Infilled|Emissions|Kyoto Gases (AR6-GWP100),Mt CO2-equiv/yr,220.4390553117926,AR6 World GDP level and trajectory (unrebased),17.80225924729304,"AR6 World GHG, unrebased",0.5018,Fixed original NATO GDP share = 0.5018,110.61631795545753,109.82273735633507,0.0807581906124268,0.26481511517757383,0.3049606536178034,SA1_AR6_fixed_split
SSP1-1.9,2038,IMAGE 3.0.1,SSP1-19,228.49940170355023,GDP|PPP,billion US$2010/yr,16.49868529154001,AR6 climate diagnostics|Infilled|Emissions|Kyoto Gases (AR6-GWP100),Mt CO2-equiv/yr,228.49940170355023,AR6 World GDP level and trajectory (unrebased),16.49868529154001,"AR6 World GHG, unrebased",0.5018,Fixed original NATO GDP share = 0.5018,114.66099977484151,113.83840192870872,0.07220450105574026,0.26481511517757383,0.27266004437595254,SA1_AR6_fixed_split
SSP1-1.9,2039,IMAGE 3.0.1,SSP1-19,236.85447438082582,GDP|PPP,billion US$2010/yr,15.196362818292279,AR6 climate diagnostics|Infilled|Emissions|Kyoto Gases (AR6-GWP100),Mt CO2-equiv/yr,236.85447438082582,AR6 World GDP level and trajectory (unrebased),15.196362818292279,"AR6 World GHG, unrebased",0.5018,Fixed original NATO GDP share = 0.5018,118.8535752442984,118.00089913652742,0.06415907007042158,0.26481511517757383,0.24227873105883407,SA1_AR6_fixed_split
SSP1-1.9,2040,IMAGE 3.0.1,SSP1-19,245.51504999999977,GDP|PPP,billion US$2010/yr,13.895291825740568,AR6 climate diagnostics|Infilled|Emissions|Kyoto Gases (AR6-GWP100),Mt CO2-equiv/yr,245.51504999999977,AR6 World GDP level and trajectory (unrebased),13.895291825740568,"AR6 World GHG, unrebased",0.5018,Fixed original NATO GDP share = 0.5018,123.1994520899999,122.31559790999988,0.056596497142397506,0.26481511517757383,0.21372079575006994,SA1_AR6_fixed_split
SSP1-1.9,2041,IMAGE 3.0.1,SSP1-19,252.1412108463452,GDP|PPP,billion US$2010/yr,13.259713870082283,AR6 climate diagnostics|Infilled|Emissions|Kyoto Gases (AR6-GWP100),Mt CO2-equiv/yr,252.1412108463452,AR6 World GDP level and trajectory (unrebased),13.259713870082283,"AR6 World GHG, unrebased",0.5018,Fixed original NATO GDP share = 0.5018,126.52445960269603,125.61675124364916,0.05258844369619035,0.26481511517757383,0.19858550619713214,SA1_AR6_fixed_split
SSP1-1.9,2042,IMAGE 3.0.1,SSP1-19,258.9462039376452,GDP|PPP,billion US$2010/yr,12.624604786046156,AR6 climate diagnostics|Infilled|Emissions|Kyoto Gases (AR6-GWP100),Mt CO2-equiv/yr,258.9462039376452,AR6 World GDP level and trajectory (unrebased),12.624604786046156,"AR6 World GHG, unrebased",0.5018,Fixed original NATO GDP share = 0.5018,129.93920513591036,129.00699880173482,0.04875377431323994,0.26481511517757383,0.18410495292365664,SA1_AR6_fixed_split
SSP1-1.9,2043,IMAGE 3.0.1,SSP1-19,265.9348557446994,GDP|PPP,billion US$2010/yr,11.989964574427317,AR6 climate diagnostics|Infilled|Emissions|Kyoto Gases (AR6-GWP100),Mt CO2-equiv/yr,265.9348557446994,AR6 World GDP level and trajectory (unrebased),11.989964574427317,"AR6 World GHG, unrebased",0.5018,Fixed original NATO GDP share = 0.5018,133.44611061269018,132.48874513200923,0.0450860965210887,0.26481511517757383,0.17025499655054005,SA1_AR6_fixed_split
SSP1-1.9,2044,IMAGE 3.0.1,SSP1-19,273.11212299904514,GDP|PPP,billion US$2010/yr,11.355793232949324,AR6 climate diagnostics|Infilled|Emissions|Kyoto Gases (AR6-GWP100),Mt CO2-equiv/yr,273.11212299904514,AR6 World GDP level and trajectory (unrebased),11.355793232949324,"AR6 World GHG, unrebased",0.5018,Fixed original NATO GDP share = 0.5018,137.04766332092086,136.06445967812428,0.04157923532742275,0.26481511517757383,0.157012318951437,SA1_AR6_fixed_split
SSP1-1.9,2045,IMAGE 3.0.1,SSP1-19,280.48309620854303,GDP|PPP,billion US$2010/yr,10.722090764872137,AR6 climate diagnostics|Infilled|Emissions|Kyoto Gases (AR6-GWP100),Mt CO2-equiv/yr,280.48309620854303,AR6 World GDP level and trajectory (unrebased),10.722090764872137,"AR6 World GHG, unrebased",0.5018,Fixed original NATO GDP share = 0.5018,140.7464176774469,139.73667853109612,0.0382272262029656,0.26481511517757383,0.14435439675462647,SA1_AR6_fixed_split
SSP1-1.9,2046,IMAGE 3.0.1,SSP1-19,288.05300326784055,GDP|PPP,billion US$2010/yr,10.08911182819985,AR6 climate diagnostics|Infilled|Emissions|Kyoto Gases (AR6-GWP100),Mt CO2-equiv/yr,288.05300326784055,AR6 World GDP level and trajectory (unrebased),10.08911182819985,"AR6 World GHG, unrebased",0.5018,Fixed original NATO GDP share = 0.5018,144.54499703980238,143.50800622803817,0.03502519228663859,0.26481511517757383,0.1322628138622381,SA1_AR6_fixed_split
SSP1-1.9,2047,IMAGE 3.0.1,SSP1-19,295.82721316627885,GDP|PPP,billion US$2010/yr,9.456602668166845,AR6 climate diagnostics|Infilled|Emissions|Kyoto Gases (AR6-GWP100),Mt CO2-equiv/yr,295.82721316627885,AR6 World GDP level and trajectory (unrebased),9.456602668166845,"AR6 World GHG, unrebased",0.5018,Fixed original NATO GDP share = 0.5018,148.44609556683872,147.38111759944013,0.03196664217247474,0.26481511517757383,0.12071305730052176,SA1_AR6_fixed_split
SSP1-1.9,2048,IMAGE 3.0.1,SSP1-19,303.81123979587244,GDP|PPP,billion US$2010/yr,8.824563281230784,AR6 climate diagnostics|Infilled|Emissions|Kyoto Gases (AR6-GWP100),Mt CO2-equiv/yr,303.81123979587244,AR6 World GDP level and trajectory (unrebased),8.824563281230784,"AR6 World GHG, unrebased",0.5018,Fixed original NATO GDP share = 0.5018,152.45248012956878,151.35875966630365,0.02904620410739219,0.26481511517757383,0.10968484215077766,SA1_AR6_fixed_split
SSP1-1.9,2049,IMAGE 3.0.1,SSP1-19,312.0107458620589,GDP|PPP,billion US$2010/yr,8.192993666432672,AR6 climate diagnostics|Infilled|Emissions|Kyoto Gases (AR6-GWP100),Mt CO2-equiv/yr,312.0107458620589,AR6 World GDP level and trajectory (unrebased),8.192993666432672,"AR6 World GHG, unrebased",0.5018,Fixed original NATO GDP share = 0.5018,156.56699227358118,155.44375358847773,0.02625869068642535,0.26481511517757383,0.09915857963325612,SA1_AR6_fixed_split
SSP1-1.9,2050,IMAGE 3.0.1,SSP1-19,320.4315469000001,GDP|PPP,billion US$2010/yr,7.561893831203742,AR6 climate diagnostics|Infilled|Emissions|Kyoto Gases (AR6-GWP100),Mt CO2-equiv/yr,320.4315469000001,AR6 World GDP level and trajectory (unrebased),7.561893831203742,"AR6 World GHG, unrebased",0.5018,Fixed original NATO GDP share = 0.5018,160.79255023442008,159.63899666558004,0.02359909286198855,0.26481511517757383,0.08911535448482234,SA1_AR6_fixed_split
SSP1-2.6,2025,IMAGE 3.0.1,SSP1-26,138.56683200039697,GDP|PPP,billion US$2010/yr,49.23475156002892,AR6 climate diagnostics|Infilled|Emissions|Kyoto Gases (AR6-GWP100),Mt CO2-equiv/yr,138.56683200039697,AR6 World GDP level and trajectory (unrebased),49.23475156002892,"AR6 World GHG, unrebased",0.5018,Fixed original NATO GDP share = 0.5018,69.53283629779921,69.03399570259776,0.3553141170167466,0.3553141170167466,1.0,SA1_AR6_fixed_split
SSP1-2.6,2026,IMAGE 3.0.1,SSP1-26,144.59391012503605,GDP|PPP,billion US$2010/yr,48.54075752720379,AR6 climate diagnostics|Infilled|Emissions|Kyoto Gases (AR6-GWP100),Mt CO2-equiv/yr,144.59391012503605,AR6 World GDP level and trajectory (unrebased),48.54075752720379,"AR6 World GHG, unrebased",0.5018,Fixed original NATO GDP share = 0.5018,72.55722410074308,72.03668602429296,0.33570402436194363,0.3553141170167466,0.9448091372798489,SA1_AR6_fixed_split
SSP1-2.6,2027,IMAGE 3.0.1,SSP1-26,150.8831409610859,GDP|PPP,billion US$2010/yr,47.847288178961975,AR6 climate diagnostics|Infilled|Emissions|Kyoto Gases (AR6-GWP100),Mt CO2-equiv/yr,150.8831409610859,AR6 World GDP level and trajectory (unrebased),47.847288178961975,"AR6 World GHG, unrebased",0.5018,Fixed original NATO GDP share = 0.5018,75.71316013427291,75.16998082681299,0.31711487363125757,0.3553141170167466,0.8924916248579884,SA1_AR6_fixed_split
SSP1-2.6,2028,IMAGE 3.0.1,SSP1-26,157.44592705596344,GDP|PPP,billion US$2010/yr,47.15434350972723,AR6 climate diagnostics|Infilled|Emissions|Kyoto Gases (AR6-GWP100),Mt CO2-equiv/yr,157.44592705596344,AR6 World GDP level and trajectory (unrebased),47.15434350972723,"AR6 World GHG, unrebased",0.5018,Fixed original NATO GDP share = 0.5018,79.00636619668245,78.43956085928099,0.2994954800765753,0.3553141170167466,0.842903407810446,SA1_AR6_fixed_split
SSP1-2.6,2029,IMAGE 3.0.1,SSP1-26,164.2941669202464,GDP|PPP,billion US$2010/yr,46.46192352236958,AR6 climate diagnostics|Infilled|Emissions|Kyoto Gases (AR6-GWP100),Mt CO2-equiv/yr,164.2941669202464,AR6 World GDP level and trajectory (unrebased),46.46192352236958,"AR6 World GHG, unrebased",0.5018,Fixed original NATO GDP share = 0.5018,82.44281296057964,81.85135395966675,0.28279715825166013,0.3553141170167466,0.7959074652762288,SA1_AR6_fixed_split
SSP1-2.6,2030,IMAGE 3.0.1,SSP1-26,171.44027659999995,GDP|PPP,billion US$2010/yr,45.77002821675297,AR6 climate diagnostics|Infilled|Emissions|Kyoto Gases (AR6-GWP100),Mt CO2-equiv/yr,171.44027659999995,AR6 World GDP level and trajectory (unrebased),45.77002821675297,"AR6 World GHG, unrebased",0.5018,Fixed original NATO GDP share = 0.5018,86.02873079787997,85.41154580211997,0.26697360226233435,0.3553141170167466,0.7513734734321051,SA1_AR6_fixed_split
SSP1-2.6,2031,IMAGE 3.0.1,SSP1-26,177.7089843520823,GDP|PPP,billion US$2010/yr,44.687111982949375,AR6 climate diagnostics|Infilled|Emissions|Kyoto Gases (AR6-GWP100),Mt CO2-equiv/yr,177.7089843520823,AR6 World GDP level and trajectory (unrebased),44.687111982949375,"AR6 World GHG, unrebased",0.5018,Fixed original NATO GDP share = 0.5018,89.1743683478749,88.5346160042074,0.2514623115194556,0.3553141170167466,0.7077183243681919,SA1_AR6_fixed_split
SSP1-2.6,2032,IMAGE 3.0.1,SSP1-26,184.20690718512637,GDP|PPP,billion US$2010/yr,43.60491092949658,AR6 climate diagnostics|Infilled|Emissions|Kyoto Gases (AR6-GWP100),Mt CO2-equiv/yr,184.20690718512637,AR6 World GDP level and trajectory (unrebased),43.60491092949658,"AR6 World GHG, unrebased",0.5018,Fixed original NATO GDP share = 0.5018,92.43502602549641,91.77188115962996,0.2367170243278338,0.3553141170167466,0.6662190242125305,SA1_AR6_fixed_split
SSP1-2.6,2033,IMAGE 3.0.1,SSP1-26,190.94242634059682,GDP|PPP,billion US$2010/yr,42.52342505912923,AR6 climate diagnostics|Infilled|Emissions|Kyoto Gases (AR6-GWP100),Mt CO2-equiv/yr,190.94242634059682,AR6 World GDP level and trajectory (unrebased),42.52342505912923,"AR6 World GHG, unrebased",0.5018,Fixed original NATO GDP share = 0.5018,95.81490953771149,95.12751680288534,0.2227028632352107,0.3553141170167466,0.6267774134758466,SA1_AR6_fixed_split
SSP1-2.6,2034,IMAGE 3.0.1,SSP1-26,197.92422951976133,GDP|PPP,billion US$2010/yr,41.44265437219176,AR6 climate diagnostics|Infilled|Emissions|Kyoto Gases (AR6-GWP100),Mt CO2-equiv/yr,197.92422951976133,AR6 World GDP level and trajectory (unrebased),41.44265437219176,"AR6 World GHG, unrebased",0.5018,Fixed original NATO GDP share = 0.5018,99.31837837301624,98.60585114674508,0.20938646305582312,0.3553141170167466,0.5892995888084974,SA1_AR6_fixed_split
SSP1-2.6,2035,IMAGE 3.0.1,SSP1-26,205.16132208938131,GDP|PPP,billion US$2010/yr,40.36259886578648,AR6 climate diagnostics|Infilled|Emissions|Kyoto Gases (AR6-GWP100),Mt CO2-equiv/yr,205.16132208938131,AR6 World GDP level and trajectory (unrebased),40.36259886578648,"AR6 World GHG, unrebased",0.5018,Fixed original NATO GDP share = 0.5018,102.94995142445156,102.21137066492976,0.19673590740559746,0.3553141170167466,0.5536957243844183,SA1_AR6_fixed_split
SSP1-2.6,2036,IMAGE 3.0.1,SSP1-26,212.66303869714082,GDP|PPP,billion US$2010/yr,39.2979216033269,AR6 climate diagnostics|Infilled|Emissions|Kyoto Gases (AR6-GWP100),Mt CO2-equiv/yr,212.66303869714082,AR6 World GDP level and trajectory (unrebased),39.2979216033269,"AR6 World GHG, unrebased",0.5018,Fixed original NATO GDP share = 0.5018,106.71431281822527,105.94872587891555,0.18478961762270374,0.3553141170167466,0.5200739536447809,SA1_AR6_fixed_split
SSP1-2.6,2037,IMAGE 3.0.1,SSP1-26,220.4390553117926,GDP|PPP,billion US$2010/yr,38.234134887996795,AR6 climate diagnostics|Infilled|Emissions|Kyoto Gases (AR6-GWP100),Mt CO2-equiv/yr,220.4390553117926,AR6 World GDP level and trajectory (unrebased),38.234134887996795,"AR6 World GHG, unrebased",0.5018,Fixed original NATO GDP share = 0.5018,110.61631795545753,109.82273735633507,0.1734453762465903,0.3553141170167466,0.4881465946325333,SA1_AR6_fixed_split
SSP1-2.6,2038,IMAGE 3.0.1,SSP1-26,228.49940170355023,GDP|PPP,billion US$2010/yr,37.17123871034197,AR6 climate diagnostics|Infilled|Emissions|Kyoto Gases (AR6-GWP100),Mt CO2-equiv/yr,228.49940170355023,AR6 World GDP level and trajectory (unrebased),37.17123871034197,"AR6 World GHG, unrebased",0.5018,Fixed original NATO GDP share = 0.5018,114.66099977484151,113.83840192870872,0.16267543124059056,0.3553141170167466,0.4578355417072364,SA1_AR6_fixed_split
SSP1-2.6,2039,IMAGE 3.0.1,SSP1-26,236.85447438082582,GDP|PPP,billion US$2010/yr,36.10923308715745,AR6 climate diagnostics|Infilled|Emissions|Kyoto Gases (AR6-GWP100),Mt CO2-equiv/yr,236.85447438082582,AR6 World GDP level and trajectory (unrebased),36.10923308715745,"AR6 World GHG, unrebased",0.5018,Fixed original NATO GDP share = 0.5018,118.8535752442984,118.00089913652742,0.15245324447238146,0.3553141170167466,0.42906610565432746,SA1_AR6_fixed_split
SSP1-2.6,2040,IMAGE 3.0.1,SSP1-26,245.51504999999977,GDP|PPP,billion US$2010/yr,35.04811800099259,AR6 climate diagnostics|Infilled|Emissions|Kyoto Gases (AR6-GWP100),Mt CO2-equiv/yr,245.51504999999977,AR6 World GDP level and trajectory (unrebased),35.04811800099259,"AR6 World GHG, unrebased",0.5018,Fixed original NATO GDP share = 0.5018,123.1994520899999,122.31559790999988,0.142753440169931,0.3553141170167466,0.4017668686189656,SA1_AR6_fixed_split
SSP1-2.6,2041,IMAGE 3.0.1,SSP1-26,252.1412108463452,GDP|PPP,billion US$2010/yr,34.10067437080364,AR6 climate diagnostics|Infilled|Emissions|Kyoto Gases (AR6-GWP100),Mt CO2-equiv/yr,252.1412108463452,AR6 World GDP level and trajectory (unrebased),34.10067437080364,"AR6 World GHG, unrebased",0.5018,Fixed original NATO GDP share = 0.5018,126.52445960269603,125.61675124364916,0.13524435079985628,0.3553141170167466,0.38063320403754736,SA1_AR6_fixed_split
SSP1-2.6,2042,IMAGE 3.0.1,SSP1-26,258.9462039376452,GDP|PPP,billion US$2010/yr,33.15400415677922,AR6 climate diagnostics|Infilled|Emissions|Kyoto Gases (AR6-GWP100),Mt CO2-equiv/yr,258.9462039376452,AR6 World GDP level and trajectory (unrebased),33.15400415677922,"AR6 World GHG, unrebased",0.5018,Fixed original NATO GDP share = 0.5018,129.93920513591036,129.00699880173482,0.12803433165895253,0.3553141170167466,0.36034124603306444,SA1_AR6_fixed_split
SSP1-2.6,2043,IMAGE 3.0.1,SSP1-26,265.9348557446994,GDP|PPP,billion US$2010/yr,32.20810737387915,AR6 climate diagnostics|Infilled|Emissions|Kyoto Gases (AR6-GWP100),Mt CO2-equiv/yr,265.9348557446994,AR6 World GDP level and trajectory (unrebased),32.20810737387915,"AR6 World GHG, unrebased",0.5018,Fixed original NATO GDP share = 0.5018,133.44611061269018,132.48874513200923,0.12111277133524503,0.3553141170167466,0.34086112972971677,SA1_AR6_fixed_split
SSP1-2.6,2044,IMAGE 3.0.1,SSP1-26,273.11212299904514,GDP|PPP,billion US$2010/yr,31.262984007364672,AR6 climate diagnostics|Infilled|Emissions|Kyoto Gases (AR6-GWP100),Mt CO2-equiv/yr,273.11212299904514,AR6 World GDP level and trajectory (unrebased),31.262984007364672,"AR6 World GHG, unrebased",0.5018,Fixed original NATO GDP share = 0.5018,137.04766332092086,136.06445967812428,0.11446941155180422,0.3553141170167466,0.3221639841189003,SA1_AR6_fixed_split
SSP1-2.6,2045,IMAGE 3.0.1,SSP1-26,280.48309620854303,GDP|PPP,billion US$2010/yr,30.31863408427963,AR6 climate diagnostics|Infilled|Emissions|Kyoto Gases (AR6-GWP100),Mt CO2-equiv/yr,280.48309620854303,AR6 World GDP level and trajectory (unrebased),30.31863408427963,"AR6 World GHG, unrebased",0.5018,Fixed original NATO GDP share = 0.5018,140.7464176774469,139.73667853109612,0.10809433614401244,0.3553141170167466,0.3042219010367037,SA1_AR6_fixed_split
SSP1-2.6,2046,IMAGE 3.0.1,SSP1-26,288.05300326784055,GDP|PPP,billion US$2010/yr,29.37505758026234,AR6 climate diagnostics|Infilled|Emissions|Kyoto Gases (AR6-GWP100),Mt CO2-equiv/yr,288.05300326784055,AR6 World GDP level and trajectory (unrebased),29.37505758026234,"AR6 World GHG, unrebased",0.5018,Fixed original NATO GDP share = 0.5018,144.54499703980238,143.50800622803817,0.10197795977481446,0.3553141170167466,0.2870079034039845,SA1_AR6_fixed_split
SSP1-2.6,2047,IMAGE 3.0.1,SSP1-26,295.82721316627885,GDP|PPP,billion US$2010/yr,28.43225449993484,AR6 climate diagnostics|Infilled|Emissions|Kyoto Gases (AR6-GWP100),Mt CO2-equiv/yr,295.82721316627885,AR6 World GDP level and trajectory (unrebased),28.43225449993484,"AR6 World GHG, unrebased",0.5018,Fixed original NATO GDP share = 0.5018,148.44609556683872,147.38111759944013,0.09611101762958368,0.3553141170167466,0.27049591622348573,SA1_AR6_fixed_split
SSP1-2.6,2048,IMAGE 3.0.1,SSP1-26,303.81123979587244,GDP|PPP,billion US$2010/yr,27.49022485333839,AR6 climate diagnostics|Infilled|Emissions|Kyoto Gases (AR6-GWP100),Mt CO2-equiv/yr,303.81123979587244,AR6 World GDP level and trajectory (unrebased),27.49022485333839,"AR6 World GHG, unrebased",0.5018,Fixed original NATO GDP share = 0.5018,152.45248012956878,151.35875966630365,0.09048455505401572,0.3553141170167466,0.2546607374166082,SA1_AR6_fixed_split
SSP1-2.6,2049,IMAGE 3.0.1,SSP1-26,312.0107458620589,GDP|PPP,billion US$2010/yr,26.548968630160708,AR6 climate diagnostics|Infilled|Emissions|Kyoto Gases (AR6-GWP100),Mt CO2-equiv/yr,312.0107458620589,AR6 World GDP level and trajectory (unrebased),26.548968630160708,"AR6 World GHG, unrebased",0.5018,Fixed original NATO GDP share = 0.5018,156.56699227358118,155.44375358847773,0.0850899175180912,0.3553141170167466,0.23947800957787657,SA1_AR6_fixed_split
SSP1-2.6,2050,IMAGE 3.0.1,SSP1-26,320.4315469000001,GDP|PPP,billion US$2010/yr,25.608485831016143,AR6 climate diagnostics|Infilled|Emissions|Kyoto Gases (AR6-GWP100),Mt CO2-equiv/yr,320.4315469000001,AR6 World GDP level and trajectory (unrebased),25.608485831016143,"AR6 World GHG, unrebased",0.5018,Fixed original NATO GDP share = 0.5018,160.79255023442008,159.63899666558004,0.07991874108140797,0.3553141170167466,0.22492419314046352,SA1_AR6_fixed_split
SSP2-4.5,2025,MESSAGE-GLOBIOM 1.0,SSP2-45,132.3421461836991,GDP|PPP,billion US$2010/yr,54.74682152369081,AR6 climate diagnostics|Infilled|Emissions|Kyoto Gases (AR6-GWP100),Mt CO2-equiv/yr,132.3421461836991,AR6 World GDP level and trajectory (unrebased),54.74682152369081,"AR6 World GHG, unrebased",0.5018,Fixed original NATO GDP share = 0.5018,66.40928895498021,65.93285722871889,0.41367639185553806,0.41367639185553806,1.0,SA1_AR6_fixed_split
SSP2-4.5,2026,MESSAGE-GLOBIOM 1.0,SSP2-45,136.9984651539472,GDP|PPP,billion US$2010/yr,55.02754979223171,AR6 climate diagnostics|Infilled|Emissions|Kyoto Gases (AR6-GWP100),Mt CO2-equiv/yr,136.9984651539472,AR6 World GDP level and trajectory (unrebased),55.02754979223171,"AR6 World GHG, unrebased",0.5018,Fixed original NATO GDP share = 0.5018,68.74582981425071,68.25263533969648,0.40166544734932935,0.41367639185553806,0.9709653614693026,SA1_AR6_fixed_split
SSP2-4.5,2027,MESSAGE-GLOBIOM 1.0,SSP2-45,141.81861180100074,GDP|PPP,billion US$2010/yr,55.308039521867826,AR6 climate diagnostics|Infilled|Emissions|Kyoto Gases (AR6-GWP100),Mt CO2-equiv/yr,141.81861180100074,AR6 World GDP level and trajectory (unrebased),55.308039521867826,"AR6 World GHG, unrebased",0.5018,Fixed original NATO GDP share = 0.5018,71.16457940174217,70.65403239925857,0.3899914039454555,0.41367639185553806,0.9427451303086358,SA1_AR6_fixed_split
SSP2-4.5,2028,MESSAGE-GLOBIOM 1.0,SSP2-45,146.8083502290495,GDP|PPP,billion US$2010/yr,55.58829070758088,AR6 climate diagnostics|Infilled|Emissions|Kyoto Gases (AR6-GWP100),Mt CO2-equiv/yr,146.8083502290495,AR6 World GDP level and trajectory (unrebased),55.58829070758088,"AR6 World GHG, unrebased",0.5018,Fixed original NATO GDP share = 0.5018,73.66843014493703,73.13992008411246,0.3786452924568144,0.41367639185553806,0.9153176248671279,SA1_AR6_fixed_split
SSP2-4.5,2029,MESSAGE-GLOBIOM 1.0,SSP2-45,151.97364734621675,GDP|PPP,billion US$2010/yr,55.868303363723854,AR6 climate diagnostics|Infilled|Emissions|Kyoto Gases (AR6-GWP100),Mt CO2-equiv/yr,151.97364734621675,AR6 World GDP level and trajectory (unrebased),55.868303363723854,"AR6 World GHG, unrebased",0.5018,Fixed original NATO GDP share = 0.5018,76.26037623833157,75.71327110788518,0.3676183623891596,0.41367639185553806,0.8886616921507511,SA1_AR6_fixed_split
SSP2-4.5,2030,MESSAGE-GLOBIOM 1.0,SSP2-45,157.32067999999987,GDP|PPP,billion US$2010/yr,56.14807747641181,AR6 climate diagnostics|Infilled|Emissions|Kyoto Gases (AR6-GWP100),Mt CO2-equiv/yr,157.32067999999987,AR6 World GDP level and trajectory (unrebased),56.14807747641181,"AR6 World GHG, unrebased",0.5018,Fixed original NATO GDP share = 0.5018,78.94351722399993,78.37716277599993,0.356902077186622,0.41367639185553806,0.8627566963290897,SA1_AR6_fixed_split
SSP2-4.5,2031,MESSAGE-GLOBIOM 1.0,SSP2-45,161.48654563007247,GDP|PPP,billion US$2010/yr,56.12694504420659,AR6 climate diagnostics|Infilled|Emissions|Kyoto Gases (AR6-GWP100),Mt CO2-equiv/yr,161.48654563007247,AR6 World GDP level and trajectory (unrebased),56.12694504420659,"AR6 World GHG, unrebased",0.5018,Fixed original NATO GDP share = 0.5018,81.03394859717037,80.4525970329021,0.3475642185868547,0.41367639185553806,0.8401838379702106,SA1_AR6_fixed_split
SSP2-4.5,2032,MESSAGE-GLOBIOM 1.0,SSP2-45,165.76272375337751,GDP|PPP,billion US$2010/yr,56.105898140781484,AR6 climate diagnostics|Infilled|Emissions|Kyoto Gases (AR6-GWP100),Mt CO2-equiv/yr,165.76272375337751,AR6 World GDP level and trajectory (unrebased),56.105898140781484,"AR6 World GHG, unrebased",0.5018,Fixed original NATO GDP share = 0.5018,83.17973477944484,82.58298897393267,0.3384711403768683,0.41367639185553806,0.8182026991162393,SA1_AR6_fixed_split
SSP2-4.5,2033,MESSAGE-GLOBIOM 1.0,SSP2-45,170.15213545456908,GDP|PPP,billion US$2010/yr,56.08493675705109,AR6 climate diagnostics|Infilled|Emissions|Kyoto Gases (AR6-GWP100),Mt CO2-equiv/yr,170.15213545456908,AR6 World GDP level and trajectory (unrebased),56.08493675705109,"AR6 World GHG, unrebased",0.5018,Fixed original NATO GDP share = 0.5018,85.38234157110277,84.7697938834663,0.3296164142002547,0.41367639185553806,0.7967977401895385,SA1_AR6_fixed_split
SSP2-4.5,2034,MESSAGE-GLOBIOM 1.0,SSP2-45,174.65777916888334,GDP|PPP,billion US$2010/yr,56.064060896331775,AR6 climate diagnostics|Infilled|Emissions|Kyoto Gases (AR6-GWP100),Mt CO2-equiv/yr,174.65777916888334,AR6 World GDP level and trajectory (unrebased),56.064060896331775,"AR6 World GHG, unrebased",0.5018,Fixed original NATO GDP share = 0.5018,87.64327358694567,87.01450558193767,0.3209937808846251,0.41367639185553806,0.7759538305892034,SA1_AR6_fixed_split
SSP2-4.5,2035,MESSAGE-GLOBIOM 1.0,SSP2-45,179.28273273038877,GDP|PPP,billion US$2010/yr,56.04327057142313,AR6 climate diagnostics|Infilled|Emissions|Kyoto Gases (AR6-GWP100),Mt CO2-equiv/yr,179.28273273038877,AR6 World GDP level and trajectory (unrebased),56.04327057142313,"AR6 World GHG, unrebased",0.5018,Fixed original NATO GDP share = 0.5018,89.96407528410909,89.31865744627969,0.3125971459599672,0.41367639185553806,0.7556562378573702,SA1_AR6_fixed_split
SSP2-4.5,2036,MESSAGE-GLOBIOM 1.0,SSP2-45,184.0301554744741,GDP|PPP,billion US$2010/yr,56.01928402626037,AR6 climate diagnostics|Infilled|Emissions|Kyoto Gases (AR6-GWP100),Mt CO2-equiv/yr,184.0301554744741,AR6 World GDP level and trajectory (unrebased),56.01928402626037,"AR6 World GHG, unrebased",0.5018,Fixed original NATO GDP share = 0.5018,92.34633201709111,91.68382345738299,0.3044027424843997,0.41367639185553806,0.7358475090130395,SA1_AR6_fixed_split
SSP2-4.5,2037,MESSAGE-GLOBIOM 1.0,SSP2-45,188.9032903960116,GDP|PPP,billion US$2010/yr,55.99538274853933,AR6 climate diagnostics|Infilled|Emissions|Kyoto Gases (AR6-GWP100),Mt CO2-equiv/yr,188.9032903960116,AR6 World GDP level and trajectory (unrebased),55.99538274853933,"AR6 World GHG, unrebased",0.5018,Fixed original NATO GDP share = 0.5018,94.79167112071863,94.11161927529298,0.29642354366169144,0.41367639185553806,0.7165590048107143,SA1_AR6_fixed_split
SSP2-4.5,2038,MESSAGE-GLOBIOM 1.0,SSP2-45,193.905466364666,GDP|PPP,billion US$2010/yr,55.9715667241387,AR6 climate diagnostics|Infilled|Emissions|Kyoto Gases (AR6-GWP100),Mt CO2-equiv/yr,193.905466364666,AR6 World GDP level and trajectory (unrebased),55.9715667241387,"AR6 World GHG, unrebased",0.5018,Fixed original NATO GDP share = 0.5018,97.30176302178941,96.6037033428766,0.2886538877603194,0.41367639185553806,0.6977770388722633,SA1_AR6_fixed_split
SSP2-4.5,2039,MESSAGE-GLOBIOM 1.0,SSP2-45,199.04010039886774,GDP|PPP,billion US$2010/yr,55.94783597224089,AR6 climate diagnostics|Infilled|Emissions|Kyoto Gases (AR6-GWP100),Mt CO2-equiv/yr,199.04010039886774,AR6 World GDP level and trajectory (unrebased),55.94783597224089,"AR6 World GHG, unrebased",0.5018,Fixed original NATO GDP share = 0.5018,99.87832238015183,99.1617780187159,0.28108826241608525,0.41367639185553806,0.6794882858924313,SA1_AR6_fixed_split
SSP2-4.5,2040,MESSAGE-GLOBIOM 1.0,SSP2-45,204.31069999999988,GDP|PPP,billion US$2010/yr,55.924190478204714,AR6 climate diagnostics|Infilled|Emissions|Kyoto Gases (AR6-GWP100),Mt CO2-equiv/yr,204.31069999999988,AR6 World GDP level and trajectory (unrebased),55.924190478204714,"AR6 World GHG, unrebased",0.5018,Fixed original NATO GDP share = 0.5018,102.52310925999994,101.78759073999994,0.27372130034405806,0.41367639185553806,0.6616797712731105,SA1_AR6_fixed_split
SSP2-4.5,2041,MESSAGE-GLOBIOM 1.0,SSP2-45,208.80012660245816,GDP|PPP,billion US$2010/yr,55.691554844337716,AR6 climate diagnostics|Infilled|Emissions|Kyoto Gases (AR6-GWP100),Mt CO2-equiv/yr,208.80012660245816,AR6 World GDP level and trajectory (unrebased),55.691554844337716,"AR6 World GHG, unrebased",0.5018,Fixed original NATO GDP share = 0.5018,104.7759035291135,104.02422307334466,0.26672184423705264,0.41367639185553806,0.6447596466423345,SA1_AR6_fixed_split
SSP2-4.5,2042,MESSAGE-GLOBIOM 1.0,SSP2-45,213.3882017398134,GDP|PPP,billion US$2010/yr,55.45912035162881,AR6 climate diagnostics|Infilled|Emissions|Kyoto Gases (AR6-GWP100),Mt CO2-equiv/yr,213.3882017398134,AR6 World GDP level and trajectory (unrebased),55.45912035162881,"AR6 World GHG, unrebased",0.5018,Fixed original NATO GDP share = 0.5018,107.07819963303838,106.31000210677503,0.2598977820678705,0.41367639185553806,0.6282635102818018,SA1_AR6_fixed_split
SSP2-4.5,2043,MESSAGE-GLOBIOM 1.0,SSP2-45,218.0770930682727,GDP|PPP,billion US$2010/yr,55.22688700205831,AR6 climate diagnostics|Infilled|Emissions|Kyoto Gases (AR6-GWP100),Mt CO2-equiv/yr,218.0770930682727,AR6 World GDP level and trajectory (unrebased),55.22688700205831,"AR6 World GHG, unrebased",0.5018,Fixed original NATO GDP share = 0.5018,109.43108530165924,108.64600776661345,0.2532447870843941,0.41367639185553806,0.6121809029238268,SA1_AR6_fixed_split
SSP2-4.5,2044,MESSAGE-GLOBIOM 1.0,SSP2-45,222.86901587509283,GDP|PPP,billion US$2010/yr,54.99485478374837,AR6 climate diagnostics|Infilled|Emissions|Kyoto Gases (AR6-GWP100),Mt CO2-equiv/yr,222.86901587509283,AR6 World GDP level and trajectory (unrebased),54.99485478374837,"AR6 World GHG, unrebased",0.5018,Fixed original NATO GDP share = 0.5018,111.83567216612158,111.03334370897124,0.2467586378833848,0.41367639185553806,0.5965016199656774,SA1_AR6_fixed_split
SSP2-4.5,2045,MESSAGE-GLOBIOM 1.0,SSP2-45,227.7662341252057,GDP|PPP,billion US$2010/yr,54.763023701216646,AR6 climate diagnostics|Infilled|Emissions|Kyoto Gases (AR6-GWP100),Mt CO2-equiv/yr,227.7662341252057,AR6 World GDP level and trajectory (unrebased),54.763023701216646,"AR6 World GHG, unrebased",0.5018,Fixed original NATO GDP share = 0.5018,114.29309628402822,113.47313784117748,0.24043521600797416,0.41367639185553806,0.5812157056618733,SA1_AR6_fixed_split
SSP2-4.5,2046,MESSAGE-GLOBIOM 1.0,SSP2-45,232.7710615308356,GDP|PPP,billion US$2010/yr,54.53094937285966,AR6 climate diagnostics|Infilled|Emissions|Kyoto Gases (AR6-GWP100),Mt CO2-equiv/yr,232.7710615308356,AR6 World GDP level and trajectory (unrebased),54.53094937285966,"AR6 World GHG, unrebased",0.5018,Fixed original NATO GDP share = 0.5018,116.8045186761733,115.9665428546623,0.23426859427556396,0.41367639185553806,0.5663088319465279,SA1_AR6_fixed_split
SSP2-4.5,2047,MESSAGE-GLOBIOM 1.0,SSP2-45,237.88586264462404,GDP|PPP,billion US$2010/yr,54.29908125748317,AR6 climate diagnostics|Infilled|Emissions|Kyoto Gases (AR6-GWP100),Mt CO2-equiv/yr,237.88586264462404,AR6 World GDP level and trajectory (unrebased),54.29908125748317,"AR6 World GHG, unrebased",0.5018,Fixed original NATO GDP share = 0.5018,119.37112587507235,118.51473676955169,0.22825686509416565,0.41367639185553806,0.551776387505034,SA1_AR6_fixed_split
SSP2-4.5,2048,MESSAGE-GLOBIOM 1.0,SSP2-45,243.11305397677407,GDP|PPP,billion US$2010/yr,54.06741934309347,AR6 climate diagnostics|Infilled|Emissions|Kyoto Gases (AR6-GWP100),Mt CO2-equiv/yr,243.11305397677407,AR6 World GDP level and trajectory (unrebased),54.06741934309347,"AR6 World GHG, unrebased",0.5018,Fixed original NATO GDP share = 0.5018,121.99413048554523,121.11892349122884,0.22239619986946002,0.41367639185553806,0.537609117290706,SA1_AR6_fixed_split
SSP2-4.5,2049,MESSAGE-GLOBIOM 1.0,SSP2-45,248.45510513673833,GDP|PPP,billion US$2010/yr,53.835963634273874,AR6 climate diagnostics|Infilled|Emissions|Kyoto Gases (AR6-GWP100),Mt CO2-equiv/yr,248.45510513673833,AR6 World GDP level and trajectory (unrebased),53.835963634273874,"AR6 World GHG, unrebased",0.5018,Fixed original NATO GDP share = 0.5018,124.6747717576153,123.78033337912302,0.21668286350825844,0.41367639185553806,0.5237979922816753,SA1_AR6_fixed_split
SSP2-4.5,2050,MESSAGE-GLOBIOM 1.0,SSP2-45,253.91454000000022,GDP|PPP,billion US$2010/yr,53.604714126269315,AR6 climate diagnostics|Infilled|Emissions|Kyoto Gases (AR6-GWP100),Mt CO2-equiv/yr,253.91454000000022,AR6 World GDP level and trajectory (unrebased),53.604714126269315,"AR6 World GHG, unrebased",0.5018,Fixed original NATO GDP share = 0.5018,127.41431617200011,126.5002238280001,0.21111321205264286,0.41367639185553806,0.5103342037617818,SA1_AR6_fixed_split
SSP3-7.0,2025,MIGRATION 1.0,SSP3-7.0_zeromig,131.57368822870808,GDP|PPP,billion US$2010/yr,65.8908974566815,AR6 climate diagnostics|Infilled|Emissions|Kyoto Gases (AR6-GWP100),Mt CO2-equiv/yr,131.57368822870808,AR6 World GDP level and trajectory (unrebased),65.8908974566815,"AR6 World GHG, unrebased",0.5018,Fixed original NATO GDP share = 0.5018,66.02367675316572,65.55001147554236,0.5007908370110185,0.5007908370110185,1.0,SA1_AR6_fixed_split
SSP3-7.0,2026,MIGRATION 1.0,SSP3-7.0_zeromig,134.8941946705815,GDP|PPP,billion US$2010/yr,66.96936433183951,AR6 climate diagnostics|Infilled|Emissions|Kyoto Gases (AR6-GWP100),Mt CO2-equiv/yr,134.8941946705815,AR6 World GDP level and trajectory (unrebased),66.96936433183951,"AR6 World GHG, unrebased",0.5018,Fixed original NATO GDP share = 0.5018,67.6899068856978,67.2042877848837,0.4964584613547093,0.5007908370110185,0.9913489318571261,SA1_AR6_fixed_split
SSP3-7.0,2027,MIGRATION 1.0,SSP3-7.0_zeromig,138.29850026089372,GDP|PPP,billion US$2010/yr,68.06426277502585,AR6 climate diagnostics|Infilled|Emissions|Kyoto Gases (AR6-GWP100),Mt CO2-equiv/yr,138.29850026089372,AR6 World GDP level and trajectory (unrebased),68.06426277502585,"AR6 World GHG, unrebased",0.5018,Fixed original NATO GDP share = 0.5018,69.39818743091647,68.90031282997725,0.49215474243484764,0.5007908370110185,0.9827550866790704,SA1_AR6_fixed_split
SSP3-7.0,2028,MIGRATION 1.0,SSP3-7.0_zeromig,141.78871982682614,GDP|PPP,billion US$2010/yr,69.13852847289309,AR6 climate diagnostics|Infilled|Emissions|Kyoto Gases (AR6-GWP100),Mt CO2-equiv/yr,141.78871982682614,AR6 World GDP level and trajectory (unrebased),69.13852847289309,"AR6 World GHG, unrebased",0.5018,Fixed original NATO GDP share = 0.5018,71.14957960910137,70.63914021772477,0.4876165646839574,0.5007908370110185,0.9736930643426066,SA1_AR6_fixed_split
SSP3-7.0,2029,MIGRATION 1.0,SSP3-7.0_zeromig,145.36702156715262,GDP|PPP,billion US$2010/yr,70.17652737951302,AR6 climate diagnostics|Infilled|Emissions|Kyoto Gases (AR6-GWP100),Mt CO2-equiv/yr,145.36702156715262,AR6 World GDP level and trajectory (unrebased),70.17652737951302,"AR6 World GHG, unrebased",0.5018,Fixed original NATO GDP share = 0.5018,72.9451714223972,72.42185014475542,0.48275411178521543,0.5007908370110185,0.9639835158856827,SA1_AR6_fixed_split
SSP3-7.0,2030,MIGRATION 1.0,SSP3-7.0_zeromig,149.0356283991709,GDP|PPP,billion US$2010/yr,71.20183890997005,AR6 climate diagnostics|Infilled|Emissions|Kyoto Gases (AR6-GWP100),Mt CO2-equiv/yr,149.0356283991709,AR6 World GDP level and trajectory (unrebased),71.20183890997005,"AR6 World GHG, unrebased",0.5018,Fixed original NATO GDP share = 0.5018,74.78607833070396,74.24955006846693,0.4777504525244526,0.5007908370110185,0.953992000684192,SA1_AR6_fixed_split
SSP3-7.0,2031,MIGRATION 1.0,SSP3-7.0_zeromig,151.81959450515436,GDP|PPP,billion US$2010/yr,71.73614842941417,AR6 climate diagnostics|Infilled|Emissions|Kyoto Gases (AR6-GWP100),Mt CO2-equiv/yr,151.81959450515436,AR6 World GDP level and trajectory (unrebased),71.73614842941417,"AR6 World GHG, unrebased",0.5018,Fixed original NATO GDP share = 0.5018,76.18307252268646,75.6365219824679,0.47250915577289787,0.5007908370110185,0.9435259610440949,SA1_AR6_fixed_split
SSP3-7.0,2032,MIGRATION 1.0,SSP3-7.0_zeromig,154.65556473500078,GDP|PPP,billion US$2010/yr,72.30387854965711,AR6 climate diagnostics|Infilled|Emissions|Kyoto Gases (AR6-GWP100),Mt CO2-equiv/yr,154.65556473500078,AR6 World GDP level and trajectory (unrebased),72.30387854965711,"AR6 World GHG, unrebased",0.5018,Fixed original NATO GDP share = 0.5018,77.60616238402339,77.04940235097739,0.46751553152030684,0.5007908370110185,0.9335544841648541,SA1_AR6_fixed_split
SSP3-7.0,2033,MIGRATION 1.0,SSP3-7.0_zeromig,157.54451051896345,GDP|PPP,billion US$2010/yr,72.83977611205042,AR6 climate diagnostics|Infilled|Emissions|Kyoto Gases (AR6-GWP100),Mt CO2-equiv/yr,157.54451051896345,AR6 World GDP level and trajectory (unrebased),72.83977611205042,"AR6 World GHG, unrebased",0.5018,Fixed original NATO GDP share = 0.5018,79.05583537841586,78.48867514054758,0.46234410752942595,0.5007908370110185,0.9232279693632921,SA1_AR6_fixed_split
SSP3-7.0,2034,MIGRATION 1.0,SSP3-7.0_zeromig,160.48742143348534,GDP|PPP,billion US$2010/yr,73.37564013827166,AR6 climate diagnostics|Infilled|Emissions|Kyoto Gases (AR6-GWP100),Mt CO2-equiv/yr,160.48742143348534,AR6 World GDP level and trajectory (unrebased),73.37564013827166,"AR6 World GHG, unrebased",0.5018,Fixed original NATO GDP share = 0.5018,80.53258807532295,79.95483335816239,0.45720492910207605,0.5007908370110185,0.9129658438459339,SA1_AR6_fixed_split
SSP3-7.0,2035,MIGRATION 1.0,SSP3-7.0_zeromig,163.48530554016915,GDP|PPP,billion US$2010/yr,73.91548119606098,AR6 climate diagnostics|Infilled|Emissions|Kyoto Gases (AR6-GWP100),Mt CO2-equiv/yr,163.48530554016915,AR6 World GDP level and trajectory (unrebased),73.91548119606098,"AR6 World GHG, unrebased",0.5018,Fixed original NATO GDP share = 0.5018,82.03692632005688,81.44837922011227,0.4521230880771702,0.5007908370110185,0.9028182120417322,SA1_AR6_fixed_split
SSP3-7.0,2036,MIGRATION 1.0,SSP3-7.0_zeromig,166.0319077353614,GDP|PPP,billion US$2010/yr,74.00750039150702,AR6 climate diagnostics|Infilled|Emissions|Kyoto Gases (AR6-GWP100),Mt CO2-equiv/yr,166.0319077353614,AR6 World GDP level and trajectory (unrebased),74.00750039150702,"AR6 World GHG, unrebased",0.5018,Fixed original NATO GDP share = 0.5018,83.31481130160435,82.71709643375704,0.4457426370686997,0.5007908370110185,0.8900774617385669,SA1_AR6_fixed_split
SSP3-7.0,2037,MIGRATION 1.0,SSP3-7.0_zeromig,168.61817822195806,GDP|PPP,billion US$2010/yr,74.65213049337294,AR6 climate diagnostics|Infilled|Emissions|Kyoto Gases (AR6-GWP100),Mt CO2-equiv/yr,168.61817822195806,AR6 World GDP level and trajectory (unrebased),74.65213049337294,"AR6 World GHG, unrebased",0.5018,Fixed original NATO GDP share = 0.5018,84.61260183177856,84.0055763901795,0.44272884027430126,0.5007908370110185,0.8840593867825907,SA1_AR6_fixed_split
SSP3-7.0,2038,MIGRATION 1.0,SSP3-7.0_zeromig,171.24473491089452,GDP|PPP,billion US$2010/yr,75.23175350675758,AR6 climate diagnostics|Infilled|Emissions|Kyoto Gases (AR6-GWP100),Mt CO2-equiv/yr,171.24473491089452,AR6 World GDP level and trajectory (unrebased),75.23175350675758,"AR6 World GHG, unrebased",0.5018,Fixed original NATO GDP share = 0.5018,85.93060797828687,85.31412693260765,0.43932301653480715,0.5007908370110185,0.8772584960957285,SA1_AR6_fixed_split
SSP3-7.0,2039,MIGRATION 1.0,SSP3-7.0_zeromig,173.91220533827186,GDP|PPP,billion US$2010/yr,75.8061064379085,AR6 climate diagnostics|Infilled|Emissions|Kyoto Gases (AR6-GWP100),Mt CO2-equiv/yr,173.91220533827186,AR6 World GDP level and trajectory (unrebased),75.8061064379085,"AR6 World GHG, unrebased",0.5018,Fixed original NATO GDP share = 0.5018,87.26914463874482,86.64306069952704,0.4358872126913699,0.5007908370110185,0.8703977398887182,SA1_AR6_fixed_split
SSP3-7.0,2040,MIGRATION 1.0,SSP3-7.0_zeromig,176.62122681528984,GDP|PPP,billion US$2010/yr,76.46401942372088,AR6 climate diagnostics|Infilled|Emissions|Kyoto Gases (AR6-GWP100),Mt CO2-equiv/yr,176.62122681528984,AR6 World GDP level and trajectory (unrebased),76.46401942372088,"AR6 World GHG, unrebased",0.5018,Fixed original NATO GDP share = 0.5018,88.62853161591245,87.9926951993774,0.43292655589855467,0.5007908370110185,0.8644857771010482,SA1_AR6_fixed_split
SSP3-7.0,2041,MIGRATION 1.0,SSP3-7.0_zeromig,178.90912044074537,GDP|PPP,billion US$2010/yr,76.8877638186501,AR6 climate diagnostics|Infilled|Emissions|Kyoto Gases (AR6-GWP100),Mt CO2-equiv/yr,178.90912044074537,AR6 World GDP level and trajectory (unrebased),76.8877638186501,"AR6 World GHG, unrebased",0.5018,Fixed original NATO GDP share = 0.5018,89.77659663716604,89.13252380357933,0.42975877154409964,0.5007908370110185,0.8581602133719632,SA1_AR6_fixed_split
SSP3-7.0,2042,MIGRATION 1.0,SSP3-7.0_zeromig,181.22665069219272,GDP|PPP,billion US$2010/yr,77.17673079073836,AR6 climate diagnostics|Infilled|Emissions|Kyoto Gases (AR6-GWP100),Mt CO2-equiv/yr,181.22665069219272,AR6 World GDP level and trajectory (unrebased),77.17673079073836,"AR6 World GHG, unrebased",0.5018,Fixed original NATO GDP share = 0.5018,90.93953331734231,90.28711737485041,0.42585751320770365,0.5007908370110185,0.8503700182484247,SA1_AR6_fixed_split
SSP3-7.0,2043,MIGRATION 1.0,SSP3-7.0_zeromig,183.5742014727959,GDP|PPP,billion US$2010/yr,77.48415519443472,AR6 climate diagnostics|Infilled|Emissions|Kyoto Gases (AR6-GWP100),Mt CO2-equiv/yr,183.5742014727959,AR6 World GDP level and trajectory (unrebased),77.48415519443472,"AR6 World GHG, unrebased",0.5018,Fixed original NATO GDP share = 0.5018,92.11753429904898,91.45666717374691,0.4220862984710692,0.5007908370110185,0.8428394996008731,SA1_AR6_fixed_split
SSP3-7.0,2044,MIGRATION 1.0,SSP3-7.0_zeromig,185.95216165867362,GDP|PPP,billion US$2010/yr,77.75533972422554,AR6 climate diagnostics|Infilled|Emissions|Kyoto Gases (AR6-GWP100),Mt CO2-equiv/yr,185.95216165867362,AR6 World GDP level and trajectory (unrebased),77.75533972422554,"AR6 World GHG, unrebased",0.5018,Fixed original NATO GDP share = 0.5018,93.31079472032242,92.6413669383512,0.4181470063625834,0.5007908370110185,0.8349733570572164,SA1_AR6_fixed_split
SSP3-7.0,2045,MIGRATION 1.0,SSP3-7.0_zeromig,188.36092516332008,GDP|PPP,billion US$2010/yr,78.02963743283017,AR6 climate diagnostics|Infilled|Emissions|Kyoto Gases (AR6-GWP100),Mt CO2-equiv/yr,188.36092516332008,AR6 World GDP level and trajectory (unrebased),78.02963743283017,"AR6 World GHG, unrebased",0.5018,Fixed original NATO GDP share = 0.5018,94.51951224695402,93.84141291636605,0.4142559682438056,0.5007908370110185,0.8272035700898639,SA1_AR6_fixed_split
SSP3-7.0,2046,MIGRATION 1.0,SSP3-7.0_zeromig,190.33151516008925,GDP|PPP,billion US$2010/yr,78.31160169311529,AR6 climate diagnostics|Infilled|Emissions|Kyoto Gases (AR6-GWP100),Mt CO2-equiv/yr,190.33151516008925,AR6 World GDP level and trajectory (unrebased),78.31160169311529,"AR6 World GHG, unrebased",0.5018,Fixed original NATO GDP share = 0.5018,95.5083543073328,94.82316085275646,0.4114484226495377,0.5007908370110185,0.8215973461201427,SA1_AR6_fixed_split
SSP3-7.0,2047,MIGRATION 1.0,SSP3-7.0_zeromig,192.32272102998604,GDP|PPP,billion US$2010/yr,78.63740344432908,AR6 climate diagnostics|Infilled|Emissions|Kyoto Gases (AR6-GWP100),Mt CO2-equiv/yr,192.32272102998604,AR6 World GDP level and trajectory (unrebased),78.63740344432908,"AR6 World GHG, unrebased",0.5018,Fixed original NATO GDP share = 0.5018,96.507541412847,95.81517961713904,0.4088825440030474,0.5007908370110185,0.8164736927765536,SA1_AR6_fixed_split
SSP3-7.0,2048,MIGRATION 1.0,SSP3-7.0_zeromig,194.334758451678,GDP|PPP,billion US$2010/yr,78.94336759818462,AR6 climate diagnostics|Infilled|Emissions|Kyoto Gases (AR6-GWP100),Mt CO2-equiv/yr,194.334758451678,AR6 World GDP level and trajectory (unrebased),78.94336759818462,"AR6 World GHG, unrebased",0.5018,Fixed original NATO GDP share = 0.5018,97.51718179105202,96.81757666062597,0.4062236124260507,0.5007908370110185,0.811164227465913,SA1_AR6_fixed_split
SSP3-7.0,2049,MIGRATION 1.0,SSP3-7.0_zeromig,196.36784536021483,GDP|PPP,billion US$2010/yr,79.18013974367007,AR6 climate diagnostics|Infilled|Emissions|Kyoto Gases (AR6-GWP100),Mt CO2-equiv/yr,196.36784536021483,AR6 World GDP level and trajectory (unrebased),79.18013974367007,"AR6 World GHG, unrebased",0.5018,Fixed original NATO GDP share = 0.5018,98.5373848017558,97.83046055845902,0.40322355016129535,0.5007908370110185,0.8051735781907359,SA1_AR6_fixed_split
SSP3-7.0,2050,MIGRATION 1.0,SSP3-7.0_zeromig,198.4222019706341,GDP|PPP,billion US$2010/yr,79.44292267671723,AR6 climate diagnostics|Infilled|Emissions|Kyoto Gases (AR6-GWP100),Mt CO2-equiv/yr,198.4222019706341,AR6 World GDP level and trajectory (unrebased),79.44292267671723,"AR6 World GHG, unrebased",0.5018,Fixed original NATO GDP share = 0.5018,99.5682609488642,98.8539410217699,0.4003731532445878,0.5007908370110185,0.7994817869157194,SA1_AR6_fixed_split
SSP5-8.5,2025,MIGRATION 1.0,SSP5-8.5_zeromig,144.2051385147961,GDP|PPP,billion US$2010/yr,64.5942315839048,AR6 climate diagnostics|Infilled|Emissions|Kyoto Gases (AR6-GWP100),Mt CO2-equiv/yr,144.2051385147961,AR6 World GDP level and trajectory (unrebased),64.5942315839048,"AR6 World GHG, unrebased",0.5018,Fixed original NATO GDP share = 0.5018,72.36213850672468,71.84300000807141,0.4479329394859057,0.4479329394859057,1.0,SA1_AR6_fixed_split
SSP5-8.5,2026,MIGRATION 1.0,SSP5-8.5_zeromig,151.357011624834,GDP|PPP,billion US$2010/yr,65.79210477029503,AR6 climate diagnostics|Infilled|Emissions|Kyoto Gases (AR6-GWP100),Mt CO2-equiv/yr,151.357011624834,AR6 World GDP level and trajectory (unrebased),65.79210477029503,"AR6 World GHG, unrebased",0.5018,Fixed original NATO GDP share = 0.5018,75.95094843334171,75.4060631914923,0.4346815787653946,0.4479329394859057,0.9704166415273685,SA1_AR6_fixed_split
SSP5-8.5,2027,MIGRATION 1.0,SSP5-8.5_zeromig,158.86358283723416,GDP|PPP,billion US$2010/yr,67.00330121011756,AR6 climate diagnostics|Infilled|Emissions|Kyoto Gases (AR6-GWP100),Mt CO2-equiv/yr,158.86358283723416,AR6 World GDP level and trajectory (unrebased),67.00330121011756,"AR6 World GHG, unrebased",0.5018,Fixed original NATO GDP share = 0.5018,79.7177458677241,79.14583696951006,0.42176627275721645,0.4479329394859057,0.941583517482057,SA1_AR6_fixed_split
SSP5-8.5,2028,MIGRATION 1.0,SSP5-8.5_zeromig,166.7424434517702,GDP|PPP,billion US$2010/yr,68.23637709713807,AR6 climate diagnostics|Infilled|Emissions|Kyoto Gases (AR6-GWP100),Mt CO2-equiv/yr,166.7424434517702,AR6 World GDP level and trajectory (unrebased),68.23637709713807,"AR6 World GHG, unrebased",0.5018,Fixed original NATO GDP share = 0.5018,83.67135812409829,83.07108532767192,0.40923220077961286,0.4479329394859057,0.913601489654434,SA1_AR6_fixed_split
SSP5-8.5,2029,MIGRATION 1.0,SSP5-8.5_zeromig,175.0120572110772,GDP|PPP,billion US$2010/yr,69.44699868380943,AR6 climate diagnostics|Infilled|Emissions|Kyoto Gases (AR6-GWP100),Mt CO2-equiv/yr,175.0120572110772,AR6 World GDP level and trajectory (unrebased),69.44699868380943,"AR6 World GHG, unrebased",0.5018,Fixed original NATO GDP share = 0.5018,87.82105030851855,87.19100690255866,0.39681265274226973,0.4479329394859057,0.885875133893241,SA1_AR6_fixed_split
SSP5-8.5,2030,MIGRATION 1.0,SSP5-8.5_zeromig,183.69180356957398,GDP|PPP,billion US$2010/yr,70.65116392546554,AR6 climate diagnostics|Infilled|Emissions|Kyoto Gases (AR6-GWP100),Mt CO2-equiv/yr,183.69180356957398,AR6 World GDP level and trajectory (unrebased),70.65116392546554,"AR6 World GHG, unrebased",0.5018,Fixed original NATO GDP share = 0.5018,92.17654703121222,91.51525653836175,0.38461794458186666,0.4479329394859057,0.8586507279935566,SA1_AR6_fixed_split
SSP5-8.5,2031,MIGRATION 1.0,SSP5-8.5_zeromig,192.3472811262712,GDP|PPP,billion US$2010/yr,72.19747313056408,AR6 climate diagnostics|Infilled|Emissions|Kyoto Gases (AR6-GWP100),Mt CO2-equiv/yr,192.3472811262712,AR6 World GDP level and trajectory (unrebased),72.19747313056408,"AR6 World GHG, unrebased",0.5018,Fixed original NATO GDP share = 0.5018,96.5198656691629,95.82741545710832,0.3753495901154341,0.4479329394859057,0.8379593395078831,SA1_AR6_fixed_split
SSP5-8.5,2032,MIGRATION 1.0,SSP5-8.5_zeromig,201.41060100515517,GDP|PPP,billion US$2010/yr,73.73274308815951,AR6 climate diagnostics|Infilled|Emissions|Kyoto Gases (AR6-GWP100),Mt CO2-equiv/yr,201.41060100515517,AR6 World GDP level and trajectory (unrebased),73.73274308815951,"AR6 World GHG, unrebased",0.5018,Fixed original NATO GDP share = 0.5018,101.06783958438687,100.3427614207683,0.36608173909511493,0.4479329394859057,0.8172690749540954,SA1_AR6_fixed_split
SSP5-8.5,2033,MIGRATION 1.0,SSP5-8.5_zeromig,210.9009805583224,GDP|PPP,billion US$2010/yr,75.19736489940942,AR6 climate diagnostics|Infilled|Emissions|Kyoto Gases (AR6-GWP100),Mt CO2-equiv/yr,210.9009805583224,AR6 World GDP level and trajectory (unrebased),75.19736489940942,"AR6 World GHG, unrebased",0.5018,Fixed original NATO GDP share = 0.5018,105.83011204416619,105.07086851415622,0.3565529411022079,0.4479329394859057,0.7959962522770151,SA1_AR6_fixed_split
SSP5-8.5,2034,MIGRATION 1.0,SSP5-8.5_zeromig,220.8385426511057,GDP|PPP,billion US$2010/yr,76.63049363405406,AR6 climate diagnostics|Infilled|Emissions|Kyoto Gases (AR6-GWP100),Mt CO2-equiv/yr,220.8385426511057,AR6 World GDP level and trajectory (unrebased),76.63049363405406,"AR6 World GHG, unrebased",0.5018,Fixed original NATO GDP share = 0.5018,110.81678070232485,110.02176194878086,0.3469978234511338,0.4479329394859057,0.7746646715675443,SA1_AR6_fixed_split
SSP5-8.5,2035,MIGRATION 1.0,SSP5-8.5_zeromig,231.244358329465,GDP|PPP,billion US$2010/yr,78.03757733775319,AR6 climate diagnostics|Infilled|Emissions|Kyoto Gases (AR6-GWP100),Mt CO2-equiv/yr,231.244358329465,AR6 World GDP level and trajectory (unrebased),78.03757733775319,"AR6 World GHG, unrebased",0.5018,Fixed original NATO GDP share = 0.5018,116.03841900972554,115.20593931973946,0.3374680269023873,0.4479329394859057,0.7533896196374855,SA1_AR6_fixed_split
SSP5-8.5,2036,MIGRATION 1.0,SSP5-8.5_zeromig,240.72811483684964,GDP|PPP,billion US$2010/yr,78.74413274777001,AR6 climate diagnostics|Infilled|Emissions|Kyoto Gases (AR6-GWP100),Mt CO2-equiv/yr,240.72811483684964,AR6 World GDP level and trajectory (unrebased),78.74413274777001,"AR6 World GHG, unrebased",0.5018,Fixed original NATO GDP share = 0.5018,120.79736802513115,119.93074681171849,0.3271081684876643,0.4479329394859057,0.7302614736551581,SA1_AR6_fixed_split
SSP5-8.5,2037,MIGRATION 1.0,SSP5-8.5_zeromig,250.6008176439028,GDP|PPP,billion US$2010/yr,80.40832264953174,AR6 climate diagnostics|Infilled|Emissions|Kyoto Gases (AR6-GWP100),Mt CO2-equiv/yr,250.6008176439028,AR6 World GDP level and trajectory (unrebased),80.40832264953174,"AR6 World GHG, unrebased",0.5018,Fixed original NATO GDP share = 0.5018,125.75149029371042,124.84932735019237,0.32086217198137745,0.4479329394859057,0.7163174299028604,SA1_AR6_fixed_split
SSP5-8.5,2038,MIGRATION 1.0,SSP5-8.5_zeromig,260.8784181538368,GDP|PPP,billion US$2010/yr,81.91958879702197,AR6 climate diagnostics|Infilled|Emissions|Kyoto Gases (AR6-GWP100),Mt CO2-equiv/yr,260.8784181538368,AR6 World GDP level and trajectory (unrebased),81.91958879702197,"AR6 World GHG, unrebased",0.5018,Fixed original NATO GDP share = 0.5018,130.9087902295953,129.96962792424148,0.31401443391424966,0.4479329394859057,0.7010300119358162,SA1_AR6_fixed_split
SSP5-8.5,2039,MIGRATION 1.0,SSP5-8.5_zeromig,271.5775219662541,GDP|PPP,billion US$2010/yr,83.31621659714449,AR6 climate diagnostics|Infilled|Emissions|Kyoto Gases (AR6-GWP100),Mt CO2-equiv/yr,271.5775219662541,AR6 World GDP level and trajectory (unrebased),83.31621659714449,"AR6 World GHG, unrebased",0.5018,Fixed original NATO GDP share = 0.5018,136.27760052266632,135.29992144358778,0.3067861286675164,0.4479329394859057,0.6848929864805567,SA1_AR6_fixed_split
SSP5-8.5,2040,MIGRATION 1.0,SSP5-8.5_zeromig,282.7154157069408,GDP|PPP,billion US$2010/yr,84.69148965244209,AR6 climate diagnostics|Infilled|Emissions|Kyoto Gases (AR6-GWP100),Mt CO2-equiv/yr,282.7154157069408,AR6 World GDP level and trajectory (unrebased),84.69148965244209,"AR6 World GHG, unrebased",0.5018,Fixed original NATO GDP share = 0.5018,141.86659560174292,140.8488201051979,0.2995644557997227,0.4479329394859057,0.6687707676589579,SA1_AR6_fixed_split
SSP5-8.5,2041,MIGRATION 1.0,SSP5-8.5_zeromig,292.8311588771492,GDP|PPP,billion US$2010/yr,86.27002436633171,AR6 climate diagnostics|Infilled|Emissions|Kyoto Gases (AR6-GWP100),Mt CO2-equiv/yr,292.8311588771492,AR6 World GDP level and trajectory (unrebased),86.27002436633171,"AR6 World GHG, unrebased",0.5018,Fixed original NATO GDP share = 0.5018,146.9426755245535,145.88848335259573,0.29460671021871815,0.4479329394859057,0.6577027145108806,SA1_AR6_fixed_split
SSP5-8.5,2042,MIGRATION 1.0,SSP5-8.5_zeromig,303.30884997874205,GDP|PPP,billion US$2010/yr,87.83472081737825,AR6 climate diagnostics|Infilled|Emissions|Kyoto Gases (AR6-GWP100),Mt CO2-equiv/yr,303.30884997874205,AR6 World GDP level and trajectory (unrebased),87.83472081737825,"AR6 World GHG, unrebased",0.5018,Fixed original NATO GDP share = 0.5018,152.20038091933276,151.1084690594093,0.2895883876238175,0.4479329394859057,0.6464994245705153,SA1_AR6_fixed_split
SSP5-8.5,2043,MIGRATION 1.0,SSP5-8.5_zeromig,314.16143974631484,GDP|PPP,billion US$2010/yr,89.41546869930593,AR6 climate diagnostics|Infilled|Emissions|Kyoto Gases (AR6-GWP100),Mt CO2-equiv/yr,314.16143974631484,AR6 World GDP level and trajectory (unrebased),89.41546869930593,"AR6 World GHG, unrebased",0.5018,Fixed original NATO GDP share = 0.5018,157.6462104647008,156.51522928161404,0.2846163067355079,0.4479329394859057,0.6353993681781097,SA1_AR6_fixed_split
SSP5-8.5,2044,MIGRATION 1.0,SSP5-8.5_zeromig,325.4023423002487,GDP|PPP,billion US$2010/yr,90.98603013298624,AR6 climate diagnostics|Infilled|Emissions|Kyoto Gases (AR6-GWP100),Mt CO2-equiv/yr,325.4023423002487,AR6 World GDP level and trajectory (unrebased),90.98603013298624,"AR6 World GHG, unrebased",0.5018,Fixed original NATO GDP share = 0.5018,163.2868953662648,162.1154469339839,0.27961086416837605,0.4479329394859057,0.6242248326039306,SA1_AR6_fixed_split
SSP5-8.5,2045,MIGRATION 1.0,SSP5-8.5_zeromig,337.04545172695816,GDP|PPP,billion US$2010/yr,92.55115472069208,AR6 climate diagnostics|Infilled|Emissions|Kyoto Gases (AR6-GWP100),Mt CO2-equiv/yr,337.04545172695816,AR6 World GDP level and trajectory (unrebased),92.55115472069208,"AR6 World GHG, unrebased",0.5018,Fixed original NATO GDP share = 0.5018,169.12940767658762,167.91604405037054,0.2745954714608288,0.4479329394859057,0.613028083569793,SA1_AR6_fixed_split
SSP5-8.5,2046,MIGRATION 1.0,SSP5-8.5_zeromig,347.51518409717266,GDP|PPP,billion US$2010/yr,94.06576279174041,AR6 climate diagnostics|Infilled|Emissions|Kyoto Gases (AR6-GWP100),Mt CO2-equiv/yr,347.51518409717266,AR6 World GDP level and trajectory (unrebased),94.06576279174041,"AR6 World GHG, unrebased",0.5018,Fixed original NATO GDP share = 0.5018,174.38311937996124,173.13206471721142,0.2706810150932502,0.4479329394859057,0.6042891496301027,SA1_AR6_fixed_split
SSP5-8.5,2047,MIGRATION 1.0,SSP5-8.5_zeromig,358.3101405442649,GDP|PPP,billion US$2010/yr,95.57210505492849,AR6 climate diagnostics|Infilled|Emissions|Kyoto Gases (AR6-GWP100),Mt CO2-equiv/yr,358.3101405442649,AR6 World GDP level and trajectory (unrebased),95.57210505492849,"AR6 World GHG, unrebased",0.5018,Fixed original NATO GDP share = 0.5018,179.80002852511214,178.51011201915279,0.266730115172729,0.4479329394859057,0.5954688562954449,SA1_AR6_fixed_split
SSP5-8.5,2048,MIGRATION 1.0,SSP5-8.5_zeromig,369.4404235901001,GDP|PPP,billion US$2010/yr,97.07250148891433,AR6 climate diagnostics|Infilled|Emissions|Kyoto Gases (AR6-GWP100),Mt CO2-equiv/yr,369.4404235901001,AR6 World GDP level and trajectory (unrebased),97.07250148891433,"AR6 World GHG, unrebased",0.5018,Fixed original NATO GDP share = 0.5018,185.38520455751225,184.05521903258787,0.2627554953126022,0.4479329394859057,0.5865956087403791,SA1_AR6_fixed_split
SSP5-8.5,2049,MIGRATION 1.0,SSP5-8.5_zeromig,380.9164495738606,GDP|PPP,billion US$2010/yr,98.57139136284125,AR6 climate diagnostics|Infilled|Emissions|Kyoto Gases (AR6-GWP100),Mt CO2-equiv/yr,380.9164495738606,AR6 World GDP level and trajectory (unrebased),98.57139136284125,"AR6 World GHG, unrebased",0.5018,Fixed original NATO GDP share = 0.5018,191.14387439616326,189.77257517769732,0.25877430988636796,0.4479329394859057,0.5777077037097655,SA1_AR6_fixed_split
SSP5-8.5,2050,MIGRATION 1.0,SSP5-8.5_zeromig,392.7489584002411,GDP|PPP,billion US$2010/yr,100.07325949968876,AR6 climate diagnostics|Infilled|Emissions|Kyoto Gases (AR6-GWP100),Mt CO2-equiv/yr,392.7489584002411,AR6 World GDP level and trajectory (unrebased),100.07325949968876,"AR6 World GHG, unrebased",0.5018,Fixed original NATO GDP share = 0.5018,197.081427325241,195.6675310750001,0.2548021003220752,0.4479329394859057,0.5688398370847934,SA1_AR6_fixed_split
