year,scenario_code,scenario,s_mil_2025_assumed,g_world,d_mil,d_rest,epsilon,m_NATO,m_nonNATO,M_NATO,M_nonNATO,M_global,eta_mil,eta_rest,E_mil_Gt,E_rest_Gt,E_world_Gt,s_mil,model_family
2025,S0,Baseline,0.055,0.03,0.01,0.01,0.0,0.027,0.022985547972701727,1.587489462,1.341760538,2.9292499999999997,1.023299479388922,0.45082424616435024,2.9974999999999996,51.5025,54.5,0.05499999999999999,Original model reference case
2026,S0,Baseline,0.055,0.03,0.01,0.01,0.0,0.027,0.022985547972701727,1.63511414586,1.3820133541400001,3.0171275,1.0130664845950328,0.44631600370270674,3.0565507499999995,52.51709925,55.57365,0.05499999999999999,Original model reference case
2027,S0,Baseline,0.055,0.03,0.01,0.01,0.0,0.027,0.022985547972701727,1.6841675702358,1.4234737547641998,3.107641325,1.0029358197490825,0.4418528436656797,3.116764799775,53.55168610522499,56.668450904999986,0.055000000000000014,Original model reference case
2028,S0,Baseline,0.055,0.03,0.01,0.01,0.0,0.027,0.022985547972701727,1.734692597342874,1.466177967407126,3.2008705647499998,0.9929064615515917,0.4374343152290229,3.178165066330567,54.60665432149793,57.78481938782849,0.055,Original model reference case
2029,S0,Baseline,0.055,0.03,0.01,0.01,0.0,0.027,0.022985547972701727,1.7867333752631605,1.51016330642934,3.2968966816925005,0.9829773969360758,0.43305997207673264,3.24077491813728,55.68240541163145,58.923180329768726,0.055,Original model reference case
2030,S0,Baseline,0.055,0.03,0.01,0.01,0.0,0.027,0.022985547972701727,1.8403353765210553,1.5554682056222198,3.395803582143275,0.973147622966715,0.42872937235596525,3.3046181840245836,56.77934879824058,60.08396698226516,0.055,Original model reference case
2031,S0,Baseline,0.055,0.03,0.01,0.01,0.0,0.027,0.022985547972701727,1.8955454378166867,1.6021322517908867,3.497677689607573,0.9634161467370479,0.4244420786324057,3.3697191622498686,57.89790196956591,61.26762113181577,0.055000000000000014,Original model reference case
2032,S0,Baseline,0.055,0.03,0.01,0.01,0.0,0.027,0.022985547972701727,1.9524118009511877,1.6501962193446136,3.6026080202958015,0.9537819852696773,0.4201976578460816,3.436102629746191,59.03849063836638,62.47459326811257,0.05499999999999999,Original model reference case
2033,S0,Baseline,0.055,0.03,0.01,0.01,0.0,0.027,0.022985547972701727,2.0109841549797234,1.6997021059249517,3.710686260904675,0.9442441654169805,0.41599568126762076,3.503793851552191,60.20154890394218,63.70534275549437,0.05500000000000001,Original model reference case
2034,S0,Baseline,0.055,0.03,0.01,0.01,0.0,0.027,0.022985547972701727,2.071313679629115,1.7506931691027006,3.8220068487318155,0.9348017237628108,0.41183572445494454,3.5728185904277696,61.38751941734985,64.96033800777762,0.05500000000000001,Original model reference case
2035,S0,Baseline,0.055,0.03,0.01,0.01,0.0,0.027,0.022985547972701727,2.133453090017989,1.8032139641757814,3.9366670541937703,0.9254537065251827,0.4077173672103951,3.6432031166591967,62.59685354987164,66.24005666653083,0.055000000000000014,Original model reference case
2036,S0,Baseline,0.055,0.03,0.01,0.01,0.0,0.027,0.022985547972701727,2.1974566827185282,1.8573103831010551,4.054767065819584,0.9161991694599309,0.40364019353829117,3.714974218057383,63.830011564804124,67.5449857828615,0.05500000000000001,Original model reference case
2037,S0,Baseline,0.055,0.03,0.01,0.01,0.0,0.027,0.022985547972701727,2.2633803832000843,1.9130296945940866,4.176410077794171,0.9070371777653315,0.39960379160290826,3.7881592101531134,65.08746279263076,68.87562200278387,0.05500000000000001,Original model reference case
2038,S0,Baseline,0.055,0.03,0.01,0.01,0.0,0.027,0.022985547972701727,2.331281794696087,1.9704205854319092,4.301702380127996,0.8979668059876781,0.3956077536868791,3.8627859465931293,66.36968580964557,70.23247175623871,0.05500000000000001,Original model reference case
2039,S0,Baseline,0.055,0.03,0.01,0.01,0.0,0.027,0.022985547972701727,2.40122024853697,2.029533202994867,4.430753451531837,0.8889871379278014,0.39165167615001034,3.938882829741015,67.67716862009561,71.61605144983663,0.055,Original model reference case
2040,S0,Baseline,0.055,0.03,0.01,0.01,0.0,0.027,0.022985547972701727,2.4732568559930788,2.090419199084713,4.563676055077792,0.8800972665485234,0.3877351593885103,4.016478821486913,69.0104088419115,73.02688766339841,0.05500000000000001,Original model reference case
2041,S0,Baseline,0.055,0.03,0.01,0.01,0.0,0.027,0.022985547972701727,2.547454561672871,2.153131775057254,4.700586336730125,0.8712962938830381,0.38385780779462514,4.095603454270204,70.36991389609716,74.46551735036736,0.054999999999999986,Original model reference case
2042,S0,Baseline,0.055,0.03,0.01,0.01,0.0,0.027,0.022985547972701727,2.623878198523057,2.217725728308972,4.841603926832029,0.8625833309442077,0.3800192297166789,4.176286842319327,71.75620119985027,75.9324880421696,0.05499999999999999,Original model reference case
2043,S0,Baseline,0.055,0.03,0.01,0.01,0.0,0.027,0.022985547972701727,2.7025945444787496,2.2842575001582412,4.986852044636991,0.8539574976347656,0.37621903741951207,4.258559693113019,73.16979836348732,77.42835805660033,0.055000000000000014,Original model reference case
2044,S0,Baseline,0.055,0.03,0.01,0.01,0.0,0.027,0.022985547972701727,2.7836723808131114,2.3527852251629886,5.1364576059761,0.845417922658418,0.372456847045317,4.342453319067345,74.61124339124802,78.95369671031537,0.05499999999999999,Original model reference case
2045,S0,Baseline,0.055,0.03,0.01,0.01,0.0,0.027,0.022985547972701727,2.867182552237505,2.4233687819178784,5.290551334155383,0.8369637434318338,0.3687322785748638,4.427999649452972,76.0810848860556,80.50908453550858,0.05500000000000001,Original model reference case
2046,S0,Baseline,0.055,0.03,0.01,0.01,0.0,0.027,0.022985547972701727,2.9531980288046302,2.4960698453754144,5.449267874180045,0.8285941059975155,0.36504495578911517,4.515231242547196,77.5798822583109,82.0951135008581,0.055,Original model reference case
2047,S0,Baseline,0.055,0.03,0.01,0.01,0.0,0.027,0.022985547972701727,3.0417939696687695,2.570951940736677,5.6127459104054465,0.8203081649375403,0.36139450623122404,4.604181298025376,79.10820593879964,83.71238723682502,0.05499999999999999,Original model reference case
2048,S0,Baseline,0.055,0.03,0.01,0.01,0.0,0.027,0.022985547972701727,3.1330477887588324,2.648080498958777,5.78112828771761,0.8121050832881649,0.35778056116891177,4.694883669596475,80.66663759579399,85.36152126539046,0.05499999999999999,Original model reference case
2049,S0,Baseline,0.055,0.03,0.01,0.01,0.0,0.027,0.022985547972701727,3.2270392224215976,2.7275229139275408,5.954562136349138,0.8039840324552832,0.35420275555722264,4.787372877887526,82.25577035643113,87.04314323431865,0.055,Original model reference case
2050,S0,Baseline,0.055,0.03,0.01,0.01,0.0,0.027,0.022985547972701727,3.3238503990942454,2.8093486013453672,6.133199000439612,0.7959441921307304,0.35066072800165043,4.881684123581911,83.87620903245283,88.75789315603474,0.055,Original model reference case
2025,S1,"NATO→3.5%, nonNATO holds",0.055,0.03,0.01,0.01,0.0,0.027,0.022985547972701727,1.587489462,1.341760538,2.9292499999999997,1.023299479388922,0.45082424616435024,2.9974999999999996,51.5025,54.5,0.05499999999999999,Original model reference case
2026,S1,"NATO→3.5%, nonNATO holds",0.055,0.03,0.01,0.01,0.0,0.02740877593256891,0.022985547972701727,1.6598695277055757,1.3820133541400001,3.041882881845576,1.0130664845950328,0.44631600370270674,3.081629597661105,52.506050526904545,55.58768012456565,0.05543727658278821,Original model reference case
2027,S1,"NATO→3.5%, nonNATO holds",0.055,0.03,0.01,0.01,0.0,0.028005016140972137,0.022985547972701727,1.7468570366131633,1.4234737547641998,3.170330791377363,1.0029358197490825,0.4418528436656797,3.1796383111258133,53.523986586238266,56.70362489736408,0.056074692171463304,Original model reference case
2028,S1,"NATO→3.5%, nonNATO holds",0.055,0.03,0.01,0.01,0.0,0.028820930945768986,0.022985547972701727,1.8516835392650228,1.466177967407126,3.317861506672149,0.9929064615515917,0.4374343152290229,3.294326128508076,54.55547846893022,57.84980459743829,0.056946192842524404,Original model reference case
2029,S1,"NATO→3.5%, nonNATO holds",0.055,0.03,0.01,0.01,0.0,0.029845109579542582,0.022985547972701727,1.975009384227963,1.51016330642934,3.4851726906573033,0.9829773969360758,0.43305997207673264,3.425845979335015,55.60087060844643,59.02671658778144,0.05803890470919683,Original model reference case
2030,S1,"NATO→3.5%, nonNATO holds",0.055,0.03,0.01,0.01,0.0,0.030999999999995285,0.022985547972701727,2.112977654523853,1.5554682056222198,3.6684458601460728,0.973147622966715,0.42872937235596525,3.569939368783237,56.66245904551472,60.23239841429796,0.05926942082279435,Original model reference case
2031,S1,"NATO→3.5%, nonNATO holds",0.055,0.03,0.01,0.01,0.0,0.03215489042044799,0.022985547972701727,2.257446512591691,1.6021322517908867,3.8595787643825776,0.9634161467370479,0.4244420786324057,3.7183805012095994,57.74429592512911,61.46267642633871,0.06049818715047292,Original model reference case
2032,S1,"NATO→3.5%, nonNATO holds",0.055,0.03,0.01,0.01,0.0,0.033179069054221584,0.022985547972701727,2.3992298505939478,1.6501962193446136,4.049426069938561,0.9537819852696773,0.4201976578460816,3.862269636188788,58.85073874042314,62.713008376611924,0.06158641940751124,Original model reference case
2033,S1,"NATO→3.5%, nonNATO holds",0.055,0.03,0.01,0.01,0.0,0.03399498385901843,0.022985547972701727,2.531976810713982,1.6997021059249517,4.231678916638934,0.9442441654169805,0.41599568126762076,3.995738126954363,59.98481820918458,63.980556336138946,0.0624523817198726,Original model reference case
2034,S1,"NATO→3.5%, nonNATO holds",0.055,0.03,0.01,0.01,0.0,0.034591224067421655,0.022985547972701727,2.6536768742950505,1.7506931691027006,4.404370043397751,0.9348017237628108,0.41183572445494454,4.117212708657504,61.14768144917871,65.26489415783621,0.06308464545580143,Original model reference case
2035,S1,"NATO→3.5%, nonNATO holds",0.055,0.03,0.01,0.01,0.0,0.03499999999999057,0.022985547972701727,2.765587338911463,1.8032139641757814,4.568801303087245,0.9254537065251827,0.4077173672103951,4.2282141003191756,62.339121438189274,66.56733553850844,0.0635178510017605,Original model reference case
2036,S1,"NATO→3.5%, nonNATO holds",0.055,0.03,0.01,0.01,0.0,0.035,0.022985547972701727,2.848554959079574,1.8573103831010551,4.705865342180629,0.9161991694599309,0.40364019353829117,4.311509918096165,63.567202130521295,67.87871204861746,0.06351785100177046,Original model reference case
2037,S1,"NATO→3.5%, nonNATO holds",0.055,0.03,0.01,0.01,0.0,0.035,0.022985547972701727,2.934011607851961,1.9130296945940866,4.847041302446048,0.9070371777653315,0.39960379160290826,4.39644666348266,64.81947601249257,69.21592267597524,0.06351785100177046,Original model reference case
2038,S1,"NATO→3.5%, nonNATO holds",0.055,0.03,0.01,0.01,0.0,0.035,0.022985547972701727,3.0220319560875204,1.9704205854319092,4.992452541519429,0.8979668059876781,0.3956077536868791,4.483056662753268,66.09641968993867,70.57947635269194,0.06351785100177046,Original model reference case
2039,S1,"NATO→3.5%, nonNATO holds",0.055,0.03,0.01,0.01,0.0,0.035,0.022985547972701727,3.1126929147701463,2.029533202994867,5.142226117765013,0.8889871379278014,0.39165167615001034,4.571372879009508,67.39851915783046,71.96989203683997,0.06351785100177047,Original model reference case
2040,S1,"NATO→3.5%, nonNATO holds",0.055,0.03,0.01,0.01,0.0,0.035,0.022985547972701727,3.20607370221325,2.090419199084713,5.296492901297963,0.8800972665485234,0.3877351593885103,4.661428924725995,68.72626998523974,73.38769890996574,0.06351785100177045,Original model reference case
2041,S1,"NATO→3.5%, nonNATO holds",0.055,0.03,0.01,0.01,0.0,0.035,0.022985547972701727,3.302255913279648,2.153131775057254,5.455387688336902,0.8712962938830381,0.38385780779462514,4.753259074543097,70.08017750394896,74.83343657849205,0.06351785100177045,Original model reference case
2042,S1,"NATO→3.5%, nonNATO holds",0.055,0.03,0.01,0.01,0.0,0.035,0.022985547972701727,3.4013235906780372,2.217725728308972,5.61904931898701,0.8625833309442077,0.3800192297166789,4.846898278311596,71.46075700077674,76.30765527908834,0.06351785100177046,Original model reference case
2043,S1,"NATO→3.5%, nonNATO holds",0.055,0.03,0.01,0.01,0.0,0.035,0.022985547972701727,3.5033632983983796,2.2842575001582412,5.78762079855662,0.8539574976347656,0.37621903741951207,4.942382174394335,72.86853391369205,77.81091608808639,0.06351785100177046,Original model reference case
2044,S1,"NATO→3.5%, nonNATO holds",0.055,0.03,0.01,0.01,0.0,0.035,0.022985547972701727,3.60846419735033,2.3527852251629886,5.961249422513319,0.845417922658418,0.372456847045317,5.039747103229904,74.30404403179179,79.34379113502169,0.06351785100177046,Original model reference case
2045,S1,"NATO→3.5%, nonNATO holds",0.055,0.03,0.01,0.01,0.0,0.035,0.022985547972701727,3.716718123270841,2.4233687819178784,6.140086905188719,0.8369637434318338,0.3687322785748638,5.139030121163533,75.76783369921809,80.90686382038162,0.06351785100177047,Original model reference case
2046,S1,"NATO→3.5%, nonNATO holds",0.055,0.03,0.01,0.01,0.0,0.035,0.022985547972701727,3.8282196669689657,2.4960698453754144,6.3242895123443805,0.8285941059975155,0.36504495578911517,5.240269014550456,77.26046002309269,82.50072903764314,0.06351785100177047,Original model reference case
2047,S1,"NATO→3.5%, nonNATO holds",0.055,0.03,0.01,0.01,0.0,0.035,0.022985547972701727,3.943066256978035,2.570951940736677,6.514018197714712,0.8203081649375403,0.36139450623122404,5.343502314137099,78.78249108554763,84.12599339968473,0.06351785100177046,Original model reference case
2048,S1,"NATO→3.5%, nonNATO holds",0.055,0.03,0.01,0.01,0.0,0.035,0.022985547972701727,4.0613582446873755,2.648080498958777,6.709438743646153,0.8121050832881649,0.35778056116891177,5.448769309725599,80.3345061599329,85.7832754696585,0.06351785100177046,Original model reference case
2049,S1,"NATO→3.5%, nonNATO holds",0.055,0.03,0.01,0.01,0.0,0.035,0.022985547972701727,4.1831989920279975,2.7275229139275408,6.910721905955539,0.8039840324552832,0.35420275555722264,5.556110065127194,81.91709593128358,87.47320599641078,0.06351785100177045,Original model reference case
2050,S1,"NATO→3.5%, nonNATO holds",0.055,0.03,0.01,0.01,0.0,0.035,0.022985547972701727,4.308694961788837,2.8093486013453672,7.118043563134204,0.7959441921307304,0.35066072800165043,5.6655654334102,83.53086272112988,89.19642815454007,0.06351785100177046,Original model reference case
2025,S2,"NATO→3.5%, nonNATO→3.5%",0.055,0.03,0.01,0.01,0.0,0.027,0.022985547972701727,1.587489462,1.341760538,2.9292499999999997,1.023299479388922,0.45082424616435024,2.9974999999999996,51.5025,54.5,0.05499999999999999,Original model reference case
2026,S2,"NATO→3.5%, nonNATO→3.5%",0.055,0.03,0.01,0.01,0.0,0.02740877593256891,0.023599450326672138,1.6598695277055757,1.418924427669015,3.0787939553745907,1.0130664845950328,0.44631600370270674,3.119022969163773,52.48957652407471,55.60859949323848,0.05608886031274747,Original model reference case
2027,S2,"NATO→3.5%, nonNATO→3.5%",0.055,0.03,0.01,0.01,0.0,0.028005016140972137,0.024494887749248,1.7468570366131633,1.5169457729856888,3.263802809598852,1.0029358197490825,0.4418528436656797,3.2733847463443833,53.48268570918394,56.756070455528324,0.057674619121302104,Original model reference case
2028,S2,"NATO→3.5%, nonNATO→3.5%",0.055,0.03,0.01,0.01,0.0,0.028820930945768986,0.025720233909322272,1.8516835392650228,1.6406152387226935,3.4922987779877164,0.9929064615515917,0.4374343152290229,3.467526022332731,54.47917362060187,57.946699642934604,0.05983992261335843,Original model reference case
2029,S2,"NATO→3.5%, nonNATO→3.5%",0.055,0.03,0.01,0.01,0.0,0.029845109579542582,0.027258352042179364,1.975009384227963,1.7908889140568116,3.7658982982847746,0.9829773969360758,0.43305997207673264,3.7017929063739654,55.47929958464605,59.18109249102002,0.06255026310870597,Original model reference case
2030,S2,"NATO→3.5%, nonNATO→3.5%",0.055,0.03,0.01,0.01,0.0,0.030999999999995285,0.028992773986343784,2.112977654523853,1.9619866440472764,4.07496429857113,0.973147622966715,0.42872937235596525,3.9655418208287223,56.48817265055763,60.45371447138635,0.06559633027521697,Original model reference case
2031,S2,"NATO→3.5%, nonNATO→3.5%",0.055,0.03,0.01,0.01,0.0,0.03215489042044799,0.0307271959305082,2.257446512591691,2.1417384378145186,4.39918495040621,0.9634161467370479,0.4244420786324057,4.238245813703962,57.51526435389034,61.7535101675943,0.06863165838187477,Original model reference case
2032,S2,"NATO→3.5%, nonNATO→3.5%",0.055,0.03,0.01,0.01,0.0,0.033179069054221584,0.032265314063365295,2.3992298505939478,2.3164163563368674,4.715646206930815,0.9537819852696773,0.4201976578460816,4.497698401075897,58.57079459924909,63.068493000324985,0.07131450566057954,Original model reference case
2033,S2,"NATO→3.5%, nonNATO→3.5%",0.055,0.03,0.01,0.01,0.0,0.03399498385901843,0.033490660223439564,2.531976810713982,2.476518975236176,5.008495785950158,0.9442441654169805,0.41599568126762076,4.729242923398971,59.66166574641528,64.39090866981425,0.07344581744683451,Original model reference case
2034,S2,"NATO→3.5%, nonNATO→3.5%",0.055,0.03,0.01,0.01,0.0,0.034591224067421655,0.034386097646015426,2.6536768742950505,2.619015493233934,5.272692367528984,0.9348017237628108,0.41183572445494454,4.928921914037111,60.79007529575973,65.71899720979684,0.07499995622730452,Original model reference case
2035,S2,"NATO→3.5%, nonNATO→3.5%",0.055,0.03,0.01,0.01,0.0,0.03499999999999057,0.03499999999998584,2.765587338911463,2.74574653695796,5.511333875869423,0.9254537065251827,0.4077173672103951,5.100484363321159,61.95483453910448,67.05531890242564,0.07606382978720955,Original model reference case
2036,S2,"NATO→3.5%, nonNATO→3.5%",0.055,0.03,0.01,0.01,0.0,0.035,0.035,2.848554959079574,2.828118933067843,5.6766738921474165,0.9161991694599309,0.40364019353829117,5.200963905280336,63.17534477952408,68.37630868480441,0.07606382978723404,Original model reference case
2037,S2,"NATO→3.5%, nonNATO→3.5%",0.055,0.03,0.01,0.01,0.0,0.035,0.035,2.934011607851961,2.9129625010598783,5.846974108911839,0.9070371777653315,0.39960379160290826,5.303422894214359,64.4198990716807,69.72332196589507,0.07606382978723404,Original model reference case
2038,S2,"NATO→3.5%, nonNATO→3.5%",0.055,0.03,0.01,0.01,0.0,0.035,0.035,3.0220319560875204,3.000351376091675,6.022383332179196,0.8979668059876781,0.3956077536868791,5.407900325230382,65.6889710833928,71.09687140862319,0.07606382978723406,Original model reference case
2039,S2,"NATO→3.5%, nonNATO→3.5%",0.055,0.03,0.01,0.01,0.0,0.035,0.035,3.1126929147701463,3.0903619173744254,6.203054832144572,0.8889871379278014,0.39165167615001034,5.514435961637421,66.98304381373566,72.49747977537308,0.07606382978723406,Original model reference case
2040,S2,"NATO→3.5%, nonNATO→3.5%",0.055,0.03,0.01,0.01,0.0,0.035,0.035,3.20607370221325,3.1830727748956584,6.389146477108909,0.8800972665485234,0.3877351593885103,5.6230703500816785,68.30260977686625,73.92568012694792,0.07606382978723406,Original model reference case
2041,S2,"NATO→3.5%, nonNATO→3.5%",0.055,0.03,0.01,0.01,0.0,0.035,0.035,3.302255913279648,3.278564958142528,6.580820871422176,0.8712962938830381,0.38385780779462514,5.733844835978287,69.6481711894705,75.38201602544879,0.07606382978723406,Original model reference case
2042,S2,"NATO→3.5%, nonNATO→3.5%",0.055,0.03,0.01,0.01,0.0,0.035,0.035,3.4013235906780372,3.3769219068868037,6.778245497564841,0.8625833309442077,0.3800192297166789,5.846801579247059,71.02024016190308,76.86704174115013,0.07606382978723406,Original model reference case
2043,S2,"NATO→3.5%, nonNATO→3.5%",0.055,0.03,0.01,0.01,0.0,0.035,0.035,3.5033632983983796,3.478229564093408,6.981592862491787,0.8539574976347656,0.37621903741951207,5.9619835703582265,72.41933889309257,78.3813224634508,0.07606382978723406,Original model reference case
2044,S2,"NATO→3.5%, nonNATO→3.5%",0.055,0.03,0.01,0.01,0.0,0.035,0.035,3.60846419735033,3.5825764510162106,7.19104064836654,0.845417922658418,0.372456847045317,6.079434646694283,73.8459998692865,79.92543451598078,0.07606382978723404,Original model reference case
2045,S2,"NATO→3.5%, nonNATO→3.5%",0.055,0.03,0.01,0.01,0.0,0.035,0.035,3.716718123270841,3.690053744546697,7.406771867817538,0.8369637434318338,0.3687322785748638,6.199199509234162,75.30076606671145,81.49996557594561,0.07606382978723406,Original model reference case
2046,S2,"NATO→3.5%, nonNATO→3.5%",0.055,0.03,0.01,0.01,0.0,0.035,0.035,3.8282196669689657,3.8007553568830974,7.628975023852063,0.8285941059975155,0.36504495578911517,6.321323739566075,76.78419115822567,83.10551489779174,0.07606382978723406,Original model reference case
2047,S2,"NATO→3.5%, nonNATO→3.5%",0.055,0.03,0.01,0.01,0.0,0.035,0.035,3.943066256978035,3.914778017589591,7.857844274567626,0.8203081649375403,0.36139450623122404,6.445853817235527,78.29683972404271,84.74269354127824,0.07606382978723406,Original model reference case
2048,S2,"NATO→3.5%, nonNATO→3.5%",0.055,0.03,0.01,0.01,0.0,0.035,0.035,4.0613582446873755,4.032221358117279,8.093579602804654,0.8121050832881649,0.35778056116891177,6.572837137435066,79.83928746660635,86.41212460404142,0.07606382978723404,Original model reference case
2049,S2,"NATO→3.5%, nonNATO→3.5%",0.055,0.03,0.01,0.01,0.0,0.035,0.035,4.1831989920279975,4.153187998860798,8.336386990888794,0.8039840324552832,0.35420275555722264,6.702322029042537,81.4121214296985,88.11444345874104,0.07606382978723406,Original model reference case
2050,S2,"NATO→3.5%, nonNATO→3.5%",0.055,0.03,0.01,0.01,0.0,0.035,0.035,4.308694961788837,4.277783638826621,8.586478600615457,0.7959441921307304,0.35066072800165043,6.834357773014675,83.01594022186356,89.85029799487823,0.07606382978723406,Original model reference case
2025,S3,"NATO→5%, nonNATO→3.5%",0.055,0.03,0.01,0.01,0.0,0.027,0.022985547972701727,1.587489462,1.341760538,2.9292499999999997,1.023299479388922,0.45082424616435024,2.9974999999999996,51.5025,54.5,0.05499999999999999,Original model reference case
2026,S3,"NATO→5%, nonNATO→3.5%",0.055,0.03,0.01,0.01,0.0,0.02817523080613562,0.023599450326672138,1.7062858686660298,1.418924427669015,3.1252102963350445,1.0130664845950328,0.44631600370270674,3.1660458085283443,52.46886016827073,55.634905976799075,0.05690754307823674,Original model reference case
2027,S3,"NATO→5%, nonNATO→3.5%",0.055,0.03,0.01,0.01,0.0,0.029889421405294894,0.024494887749248,1.864399786070719,1.5169457729856888,3.381345559056408,1.0029358197490825,0.4418528436656797,3.391272580127158,53.43074911108383,56.822021691210985,0.05968236397072277,Original model reference case
2028,S3,"NATO→5%, nonNATO→3.5%",0.055,0.03,0.01,0.01,0.0,0.03223517646908584,0.025720233909322272,2.071041555369052,1.6406152387226935,3.7116567940917458,0.9929064615515917,0.4374343152290229,3.68532801391556,54.38321889703741,58.06854691095297,0.06346513233001924,Original model reference case
2029,S3,"NATO→5%, nonNATO→3.5%",0.055,0.03,0.01,0.01,0.0,0.03517969004118492,0.027258352042179364,2.3280269010369676,1.7908889140568116,4.1189158150937795,0.9829773969360758,0.43305997207673264,4.048801146119718,55.32642182867414,59.37522297479386,0.06819007901391001,Original model reference case
2030,S3,"NATO→5%, nonNATO→3.5%",0.055,0.03,0.01,0.01,0.0,0.03849999999998644,0.028992773986343784,2.6241819257790993,1.9619866440472764,4.586168569826375,0.973147622966715,0.42872937235596525,4.4630190422511955,56.26900436419668,60.73202340644788,0.0734870796644223,Original model reference case
2031,S3,"NATO→5%, nonNATO→3.5%",0.055,0.03,0.01,0.01,0.0,0.041820309958787966,0.0307271959305082,2.9360110277948253,2.1417384378145186,5.077749465609344,0.9634161467370479,0.4244420786324057,4.891985824253458,57.227253020571325,62.119238844824785,0.07875154163549469,Original model reference case
2032,S3,"NATO→5%, nonNATO→3.5%",0.055,0.03,0.01,0.01,0.0,0.04476482353088705,0.032265314063365295,3.2370136936741223,2.3164163563368674,5.55343005001099,0.9537819852696773,0.4201976578460816,5.296761538155765,58.21875979060551,63.515521328761274,0.08339318370291438,Original model reference case
2033,S3,"NATO→5%, nonNATO→3.5%",0.055,0.03,0.01,0.01,0.0,0.04711057859467799,0.033490660223439564,3.508838040215717,2.476518975236176,5.985357015451893,0.9442441654169805,0.41599568126762076,5.651638439778042,59.255295693744785,64.90693413352282,0.0870729532248714,Original model reference case
2034,S3,"NATO→5%, nonNATO→3.5%",0.055,0.03,0.01,0.01,0.0,0.04882476919383726,0.034386097646015426,3.745607864293679,2.619015493233934,6.364623357527613,0.9348017237628108,0.41183572445494454,5.949660885717861,60.34037910543884,66.2900399911567,0.08975195800925091,Original model reference case
2035,S3,"NATO→5%, nonNATO→3.5%",0.055,0.03,0.01,0.01,0.0,0.049999999999972886,0.03499999999998584,3.9508390555867257,2.74574653695796,6.696585592544686,0.9254537065251827,0.4077173672103951,6.197379957683617,61.471586829700044,67.66896678738367,0.09158378281666137,Original model reference case
2036,S3,"NATO→5%, nonNATO→3.5%",0.055,0.03,0.01,0.01,0.0,0.05,0.035,4.069364227256535,2.828118933067843,6.897483160324377,0.9161991694599309,0.40364019353829117,6.319468342853053,62.6825770902438,69.00204543309685,0.09158378281670355,Original model reference case
2037,S3,"NATO→5%, nonNATO→3.5%",0.055,0.03,0.01,0.01,0.0,0.05,0.035,4.19144515407423,2.9129625010598783,7.104407655134108,0.9070371777653315,0.39960379160290826,6.443961869207258,63.917423858921595,70.36138572812885,0.09158378281670355,Original model reference case
2038,S3,"NATO→5%, nonNATO→3.5%",0.055,0.03,0.01,0.01,0.0,0.05,0.035,4.317188508696457,3.000351376091675,7.3175398847881326,0.8979668059876781,0.3956077536868791,6.570907918030641,65.17659710894235,71.74750502697299,0.09158378281670355,Original model reference case
2039,S3,"NATO→5%, nonNATO→3.5%",0.055,0.03,0.01,0.01,0.0,0.05,0.035,4.446704163957352,3.0903619173744254,7.537066081331778,0.8889871379278014,0.39165167615001034,6.700354804015847,66.46057607198853,73.16093087600437,0.09158378281670357,Original model reference case
2040,S3,"NATO→5%, nonNATO→3.5%",0.055,0.03,0.01,0.01,0.0,0.05,0.035,4.580105288876072,3.1830727748956584,7.763178063771731,0.8800972665485234,0.3877351593885103,6.832351793654959,67.76984942060669,74.60220121426165,0.09158378281670357,Original model reference case
2041,S3,"NATO→5%, nonNATO→3.5%",0.055,0.03,0.01,0.01,0.0,0.05,0.035,4.717508447542354,3.278564958142528,7.996073405684882,0.8712962938830381,0.38385780779462514,6.96694912398996,69.10491545419264,76.0718645781826,0.09158378281670357,Original model reference case
2042,S3,"NATO→5%, nonNATO→3.5%",0.055,0.03,0.01,0.01,0.0,0.05,0.035,4.859033700968625,3.3769219068868037,8.235955607855429,0.8625833309442077,0.3800192297166789,7.104198021732563,70.46628228864023,77.57048031037279,0.09158378281670358,Original model reference case
2043,S3,"NATO→5%, nonNATO→3.5%",0.055,0.03,0.01,0.01,0.0,0.05,0.035,5.004804711997685,3.478229564093408,8.483034276091093,0.8539574976347656,0.37621903741951207,7.244150722760695,71.85446804972645,79.09861877248714,0.09158378281670358,Original model reference case
2044,S3,"NATO→5%, nonNATO→3.5%",0.055,0.03,0.01,0.01,0.0,0.05,0.035,5.154948853357614,3.5825764510162106,8.737525304373825,0.845417922658418,0.372456847045317,7.386860491999081,73.27000107030608,80.65686156230517,0.09158378281670355,Original model reference case
2045,S3,"NATO→5%, nonNATO→3.5%",0.055,0.03,0.01,0.01,0.0,0.05,0.035,5.309597318958343,3.690053744546697,8.999651063505041,0.8369637434318338,0.3687322785748638,7.532381643691464,74.7134200913911,82.24580173508257,0.09158378281670357,Original model reference case
2046,S3,"NATO→5%, nonNATO→3.5%",0.055,0.03,0.01,0.01,0.0,0.05,0.035,5.468885238527093,3.8007553568830974,9.269640595410191,0.8285941059975155,0.36504495578911517,7.680769562072185,76.1852744671915,83.86604402926369,0.09158378281670357,Original model reference case
2047,S3,"NATO→5%, nonNATO→3.5%",0.055,0.03,0.01,0.01,0.0,0.05,0.035,5.6329517956829065,3.914778017589591,9.547729813272497,0.8203081649375403,0.36139450623122404,7.832080722445006,77.68612437419517,85.51820509664017,0.09158378281670358,Original model reference case
2048,S3,"NATO→5%, nonNATO→3.5%",0.055,0.03,0.01,0.01,0.0,0.05,0.035,5.801940349553394,4.032221358117279,9.834161707670674,0.8121050832881649,0.35778056116891177,7.986372712677174,79.21654102436682,87.202913737044,0.09158378281670357,Original model reference case
2049,S3,"NATO→5%, nonNATO→3.5%",0.055,0.03,0.01,0.01,0.0,0.05,0.035,5.975998560039996,4.153187998860798,10.129186558900795,0.8039840324552832,0.35420275555722264,8.143704255116914,80.77710688254686,88.92081113766378,0.09158378281670355,Original model reference case
2050,S3,"NATO→5%, nonNATO→3.5%",0.055,0.03,0.01,0.01,0.0,0.05,0.035,6.155278516841196,4.277783638826621,10.433062155667816,0.7959441921307304,0.35066072800165043,8.304135228942716,82.36841588813303,90.67255111707574,0.09158378281670355,Original model reference case
