ssp,year,ar6_model,ar6_scenario,GDP_AR6_raw_trillion,GDP_AR6_variable,GDP_AR6_unit_native,GHG_AR6_GtCO2e,GHG_AR6_variable,GHG_AR6_unit_native,GDP_world,GDP_model_basis,GHG_world_Gt,GHG_model_basis,ssp_storyline,NATO_GDP_share,country_GDP_source,country_GDP_unit,country_GDP_vintage,s_NATO_GDP,bloc_split_basis,GDP_NATO,GDP_nonNATO,economy_GHG_intensity,economy_GHG_intensity_2025,intensity_multiplier_q,analysis
SSP1-1.9,2025,IMAGE 3.0.1,SSP1-19,138.56683200039697,GDP|PPP,billion US$2010/yr,36.694591575976645,AR6 climate diagnostics|Infilled|Emissions|Kyoto Gases (AR6-GWP100),Mt CO2-equiv/yr,138.56683200039697,AR6 World GDP level and trajectory (unrebased),36.694591575976645,"AR6 World GHG, unrebased",SSP1,0.31737569885090355,SSP Basic Drivers v3.2 / OECD ENV-Growth 2025,billion USD_2010/yr,May 2025 update,0.31737569885090355,SSP Basic Drivers v3.2 / OECD ENV-Growth 2025,43.97774514368174,94.58908685671523,0.26481511517757383,0.26481511517757383,1.0,SA2_AR6_dynamic_v32_split
SSP1-1.9,2026,IMAGE 3.0.1,SSP1-19,144.59391012503605,GDP|PPP,billion US$2010/yr,34.74468649303279,AR6 climate diagnostics|Infilled|Emissions|Kyoto Gases (AR6-GWP100),Mt CO2-equiv/yr,144.59391012503605,AR6 World GDP level and trajectory (unrebased),34.74468649303279,"AR6 World GHG, unrebased",SSP1,0.3135229656102325,SSP Basic Drivers v3.2 / OECD ENV-Growth 2025,billion USD_2010/yr,May 2025 update,0.3135229656102325,SSP Basic Drivers v3.2 / OECD ENV-Growth 2025,45.33351151158073,99.26039861345532,0.24029149265683242,0.26481511517757383,0.9073934185958498,SA2_AR6_dynamic_v32_split
SSP1-1.9,2027,IMAGE 3.0.1,SSP1-19,150.8831409610859,GDP|PPP,billion US$2010/yr,32.796504345916006,AR6 climate diagnostics|Infilled|Emissions|Kyoto Gases (AR6-GWP100),Mt CO2-equiv/yr,150.8831409610859,AR6 World GDP level and trajectory (unrebased),32.796504345916006,"AR6 World GHG, unrebased",SSP1,0.3097306145721242,SSP Basic Drivers v3.2 / OECD ENV-Growth 2025,billion USD_2010/yr,May 2025 update,0.3097306145721242,SSP Basic Drivers v3.2 / OECD ENV-Growth 2025,46.73312797844958,104.15001298263633,0.2173636109177666,0.26481511517757383,0.820812704637391,SA2_AR6_dynamic_v32_split
SSP1-1.9,2028,IMAGE 3.0.1,SSP1-19,157.44592705596344,GDP|PPP,billion US$2010/yr,30.850045135218938,AR6 climate diagnostics|Infilled|Emissions|Kyoto Gases (AR6-GWP100),Mt CO2-equiv/yr,157.44592705596344,AR6 World GDP level and trajectory (unrebased),30.850045135218938,"AR6 World GHG, unrebased",SSP1,0.3059977172728036,SSP Basic Drivers v3.2 / OECD ENV-Growth 2025,billion USD_2010/yr,May 2025 update,0.3059977172728036,SSP Basic Drivers v3.2 / OECD ENV-Growth 2025,48.17809427302516,109.26783278293829,0.19594057281807886,0.26481511517757383,0.7399146105640133,SA2_AR6_dynamic_v32_split
SSP1-1.9,2029,IMAGE 3.0.1,SSP1-19,164.2941669202464,GDP|PPP,billion US$2010/yr,28.90530888038478,AR6 climate diagnostics|Infilled|Emissions|Kyoto Gases (AR6-GWP100),Mt CO2-equiv/yr,164.2941669202464,AR6 World GDP level and trajectory (unrebased),28.90530888038478,"AR6 World GHG, unrebased",SSP1,0.3023233608964627,SSP Basic Drivers v3.2 / OECD ENV-Growth 2025,billion USD_2010/yr,May 2025 update,0.3023233608964627,SSP Basic Drivers v3.2 / OECD ENV-Growth 2025,49.669964719013336,114.62420220123306,0.17593630633530852,0.26481511517757383,0.6643741095266902,SA2_AR6_dynamic_v32_split
SSP1-1.9,2030,IMAGE 3.0.1,SSP1-19,171.44027659999995,GDP|PPP,billion US$2010/yr,26.962295561810947,AR6 climate diagnostics|Infilled|Emissions|Kyoto Gases (AR6-GWP100),Mt CO2-equiv/yr,171.44027659999995,AR6 World GDP level and trajectory (unrebased),26.962295561810947,"AR6 World GHG, unrebased",SSP1,0.2987066480019229,SSP Basic Drivers v3.2 / OECD ENV-Growth 2025,billion USD_2010/yr,May 2025 update,0.2987066480019229,SSP Basic Drivers v3.2 / OECD ENV-Growth 2025,51.210350355708485,120.22992624429146,0.1572693190685797,0.26481511517757383,0.5938834683326951,SA2_AR6_dynamic_v32_split
SSP1-1.9,2031,IMAGE 3.0.1,SSP1-19,177.7089843520823,GDP|PPP,billion US$2010/yr,25.64996295935584,AR6 climate diagnostics|Infilled|Emissions|Kyoto Gases (AR6-GWP100),Mt CO2-equiv/yr,177.7089843520823,AR6 World GDP level and trajectory (unrebased),25.64996295935584,"AR6 World GHG, unrebased",SSP1,0.2951861587613793,SSP Basic Drivers v3.2 / OECD ENV-Growth 2025,billion USD_2010/yr,May 2025 update,0.2951861587613793,SSP Basic Drivers v3.2 / OECD ENV-Growth 2025,52.45723246827724,125.25175188380506,0.14433689468697528,0.26481511517757383,0.5450477952898914,SA2_AR6_dynamic_v32_split
SSP1-1.9,2032,IMAGE 3.0.1,SSP1-19,184.20690718512637,GDP|PPP,billion US$2010/yr,24.338883259701028,AR6 climate diagnostics|Infilled|Emissions|Kyoto Gases (AR6-GWP100),Mt CO2-equiv/yr,184.20690718512637,AR6 World GDP level and trajectory (unrebased),24.338883259701028,"AR6 World GHG, unrebased",SSP1,0.29171472454917957,SSP Basic Drivers v3.2 / OECD ENV-Growth 2025,billion USD_2010/yr,May 2025 update,0.29171472454917957,SSP Basic Drivers v3.2 / OECD ENV-Growth 2025,53.735867189565425,130.47103999556094,0.132127962146613,0.26481511517757383,0.49894418624108205,SA2_AR6_dynamic_v32_split
SSP1-1.9,2033,IMAGE 3.0.1,SSP1-19,190.94242634059682,GDP|PPP,billion US$2010/yr,23.02905646851484,AR6 climate diagnostics|Infilled|Emissions|Kyoto Gases (AR6-GWP100),Mt CO2-equiv/yr,190.94242634059682,AR6 World GDP level and trajectory (unrebased),23.02905646851484,"AR6 World GHG, unrebased",SSP1,0.2882916567846543,SSP Basic Drivers v3.2 / OECD ENV-Growth 2025,billion USD_2010/yr,May 2025 update,0.2882916567846543,SSP Basic Drivers v3.2 / OECD ENV-Growth 2025,55.047108440212476,135.89531790038436,0.12060733127710635,0.26481511517757383,0.45543975537888826,SA2_AR6_dynamic_v32_split
SSP1-1.9,2034,IMAGE 3.0.1,SSP1-19,197.92422951976133,GDP|PPP,billion US$2010/yr,21.72048257316767,AR6 climate diagnostics|Infilled|Emissions|Kyoto Gases (AR6-GWP100),Mt CO2-equiv/yr,197.92422951976133,AR6 World GDP level and trajectory (unrebased),21.72048257316767,"AR6 World GHG, unrebased",SSP1,0.2849162769985648,SSP Basic Drivers v3.2 / OECD ENV-Growth 2025,billion USD_2010/yr,May 2025 update,0.2849162769985648,SSP Basic Drivers v3.2 / OECD ENV-Growth 2025,56.391834602579834,141.53239491718148,0.10974140268662272,0.26481511517757383,0.41440762402491554,SA2_AR6_dynamic_v32_split
SSP1-1.9,2035,IMAGE 3.0.1,SSP1-19,205.16132208938131,GDP|PPP,billion US$2010/yr,20.41316160340252,AR6 climate diagnostics|Infilled|Emissions|Kyoto Gases (AR6-GWP100),Mt CO2-equiv/yr,205.16132208938131,AR6 World GDP level and trajectory (unrebased),20.41316160340252,"AR6 World GHG, unrebased",SSP1,0.2815879166801254,SSP Basic Drivers v3.2 / OECD ENV-Growth 2025,billion USD_2010/yr,May 2025 update,0.2815879166801254,SSP Basic Drivers v3.2 / OECD ENV-Growth 2025,57.770949270489076,147.39037281889225,0.0994980993274612,0.26481511517757383,0.3757266622063547,SA2_AR6_dynamic_v32_split
SSP1-1.9,2036,IMAGE 3.0.1,SSP1-19,212.66303869714082,GDP|PPP,billion US$2010/yr,19.10708468496671,AR6 climate diagnostics|Infilled|Emissions|Kyoto Gases (AR6-GWP100),Mt CO2-equiv/yr,212.66303869714082,AR6 World GDP level and trajectory (unrebased),19.10708468496671,"AR6 World GHG, unrebased",SSP1,0.27864414707615237,SSP Basic Drivers v3.2 / OECD ENV-Growth 2025,billion USD_2010/yr,May 2025 update,0.27864414707615237,SSP Basic Drivers v3.2 / OECD ENV-Growth 2025,59.25731103238759,153.40572766475321,0.08984675852477415,0.26481511517757383,0.3392810809327357,SA2_AR6_dynamic_v32_split
SSP1-1.9,2037,IMAGE 3.0.1,SSP1-19,220.4390553117926,GDP|PPP,billion US$2010/yr,17.80225924729304,AR6 climate diagnostics|Infilled|Emissions|Kyoto Gases (AR6-GWP100),Mt CO2-equiv/yr,220.4390553117926,AR6 World GDP level and trajectory (unrebased),17.80225924729304,"AR6 World GHG, unrebased",SSP1,0.2757352714712802,SSP Basic Drivers v3.2 / OECD ENV-Growth 2025,billion USD_2010/yr,May 2025 update,0.2757352714712802,SSP Basic Drivers v3.2 / OECD ENV-Growth 2025,60.78282275926968,159.6562325525229,0.0807581906124268,0.26481511517757383,0.3049606536178034,SA2_AR6_dynamic_v32_split
SSP1-1.9,2038,IMAGE 3.0.1,SSP1-19,228.49940170355023,GDP|PPP,billion US$2010/yr,16.49868529154001,AR6 climate diagnostics|Infilled|Emissions|Kyoto Gases (AR6-GWP100),Mt CO2-equiv/yr,228.49940170355023,AR6 World GDP level and trajectory (unrebased),16.49868529154001,"AR6 World GHG, unrebased",SSP1,0.2728608595397884,SSP Basic Drivers v3.2 / OECD ENV-Growth 2025,billion USD_2010/yr,May 2025 update,0.2728608595397884,SSP Basic Drivers v3.2 / OECD ENV-Growth 2025,62.348543153158104,166.15085855039212,0.07220450105574026,0.26481511517757383,0.27266004437595254,SA2_AR6_dynamic_v32_split
SSP1-1.9,2039,IMAGE 3.0.1,SSP1-19,236.85447438082582,GDP|PPP,billion US$2010/yr,15.196362818292279,AR6 climate diagnostics|Infilled|Emissions|Kyoto Gases (AR6-GWP100),Mt CO2-equiv/yr,236.85447438082582,AR6 World GDP level and trajectory (unrebased),15.196362818292279,"AR6 World GHG, unrebased",SSP1,0.2700204863955185,SSP Basic Drivers v3.2 / OECD ENV-Growth 2025,billion USD_2010/yr,May 2025 update,0.2700204863955185,SSP Basic Drivers v3.2 / OECD ENV-Growth 2025,63.95556037726546,172.89891400356035,0.06415907007042158,0.26481511517757383,0.24227873105883407,SA2_AR6_dynamic_v32_split
SSP1-1.9,2040,IMAGE 3.0.1,SSP1-19,245.51504999999977,GDP|PPP,billion US$2010/yr,13.895291825740568,AR6 climate diagnostics|Infilled|Emissions|Kyoto Gases (AR6-GWP100),Mt CO2-equiv/yr,245.51504999999977,AR6 World GDP level and trajectory (unrebased),13.895291825740568,"AR6 World GHG, unrebased",SSP1,0.2672137325217621,SSP Basic Drivers v3.2 / OECD ENV-Growth 2025,billion USD_2010/yr,May 2025 update,0.2672137325217621,SSP Basic Drivers v3.2 / OECD ENV-Growth 2025,65.60499290076699,179.9100570992328,0.056596497142397506,0.26481511517757383,0.21372079575006994,SA2_AR6_dynamic_v32_split
SSP1-1.9,2041,IMAGE 3.0.1,SSP1-19,252.1412108463452,GDP|PPP,billion US$2010/yr,13.259713870082283,AR6 climate diagnostics|Infilled|Emissions|Kyoto Gases (AR6-GWP100),Mt CO2-equiv/yr,252.1412108463452,AR6 World GDP level and trajectory (unrebased),13.259713870082283,"AR6 World GHG, unrebased",SSP1,0.2644556820963574,SSP Basic Drivers v3.2 / OECD ENV-Growth 2025,billion USD_2010/yr,May 2025 update,0.2644556820963574,SSP Basic Drivers v3.2 / OECD ENV-Growth 2025,66.68017589897168,185.4610349473735,0.05258844369619035,0.26481511517757383,0.19858550619713214,SA2_AR6_dynamic_v32_split
SSP1-1.9,2042,IMAGE 3.0.1,SSP1-19,258.9462039376452,GDP|PPP,billion US$2010/yr,12.624604786046156,AR6 climate diagnostics|Infilled|Emissions|Kyoto Gases (AR6-GWP100),Mt CO2-equiv/yr,258.9462039376452,AR6 World GDP level and trajectory (unrebased),12.624604786046156,"AR6 World GHG, unrebased",SSP1,0.26172958286602477,SSP Basic Drivers v3.2 / OECD ENV-Growth 2025,billion USD_2010/yr,May 2025 update,0.26172958286602477,SSP Basic Drivers v3.2 / OECD ENV-Growth 2025,67.77388194134045,191.17232199630473,0.04875377431323994,0.26481511517757383,0.18410495292365664,SA2_AR6_dynamic_v32_split
SSP1-1.9,2043,IMAGE 3.0.1,SSP1-19,265.9348557446994,GDP|PPP,billion US$2010/yr,11.989964574427317,AR6 climate diagnostics|Infilled|Emissions|Kyoto Gases (AR6-GWP100),Mt CO2-equiv/yr,265.9348557446994,AR6 World GDP level and trajectory (unrebased),11.989964574427317,"AR6 World GHG, unrebased",SSP1,0.2590350465806778,SSP Basic Drivers v3.2 / OECD ENV-Growth 2025,billion USD_2010/yr,May 2025 update,0.2590350465806778,SSP Basic Drivers v3.2 / OECD ENV-Growth 2025,68.88644774525403,197.04840799944537,0.0450860965210887,0.26481511517757383,0.17025499655054005,SA2_AR6_dynamic_v32_split
SSP1-1.9,2044,IMAGE 3.0.1,SSP1-19,273.11212299904514,GDP|PPP,billion US$2010/yr,11.355793232949324,AR6 climate diagnostics|Infilled|Emissions|Kyoto Gases (AR6-GWP100),Mt CO2-equiv/yr,273.11212299904514,AR6 World GDP level and trajectory (unrebased),11.355793232949324,"AR6 World GHG, unrebased",SSP1,0.2563716898352844,SSP Basic Drivers v3.2 / OECD ENV-Growth 2025,billion USD_2010/yr,May 2025 update,0.2563716898352844,SSP Basic Drivers v3.2 / OECD ENV-Growth 2025,70.01821648776725,203.0939065112779,0.04157923532742275,0.26481511517757383,0.157012318951437,SA2_AR6_dynamic_v32_split
SSP1-1.9,2045,IMAGE 3.0.1,SSP1-19,280.48309620854303,GDP|PPP,billion US$2010/yr,10.722090764872137,AR6 climate diagnostics|Infilled|Emissions|Kyoto Gases (AR6-GWP100),Mt CO2-equiv/yr,280.48309620854303,AR6 World GDP level and trajectory (unrebased),10.722090764872137,"AR6 World GHG, unrebased",SSP1,0.2537391340080418,SSP Basic Drivers v3.2 / OECD ENV-Growth 2025,billion USD_2010/yr,May 2025 update,0.2537391340080418,SSP Basic Drivers v3.2 / OECD ENV-Growth 2025,71.16953793584999,209.31355827269306,0.0382272262029656,0.26481511517757383,0.14435439675462647,SA2_AR6_dynamic_v32_split
SSP1-1.9,2046,IMAGE 3.0.1,SSP1-19,288.05300326784055,GDP|PPP,billion US$2010/yr,10.08911182819985,AR6 climate diagnostics|Infilled|Emissions|Kyoto Gases (AR6-GWP100),Mt CO2-equiv/yr,288.05300326784055,AR6 World GDP level and trajectory (unrebased),10.08911182819985,"AR6 World GHG, unrebased",SSP1,0.2512751232076276,SSP Basic Drivers v3.2 / OECD ENV-Growth 2025,billion USD_2010/yr,May 2025 update,0.2512751232076276,SSP Basic Drivers v3.2 / OECD ENV-Growth 2025,72.3805538864538,215.67244938138674,0.03502519228663859,0.26481511517757383,0.1322628138622381,SA2_AR6_dynamic_v32_split
SSP1-1.9,2047,IMAGE 3.0.1,SSP1-19,295.82721316627885,GDP|PPP,billion US$2010/yr,9.456602668166845,AR6 climate diagnostics|Infilled|Emissions|Kyoto Gases (AR6-GWP100),Mt CO2-equiv/yr,295.82721316627885,AR6 World GDP level and trajectory (unrebased),9.456602668166845,"AR6 World GHG, unrebased",SSP1,0.24883809785984817,SSP Basic Drivers v3.2 / OECD ENV-Growth 2025,billion USD_2010/yr,May 2025 update,0.24883809785984817,SSP Basic Drivers v3.2 / OECD ENV-Growth 2025,73.61308101947667,222.21413214680217,0.03196664217247474,0.26481511517757383,0.12071305730052176,SA2_AR6_dynamic_v32_split
SSP1-1.9,2048,IMAGE 3.0.1,SSP1-19,303.81123979587244,GDP|PPP,billion US$2010/yr,8.824563281230784,AR6 climate diagnostics|Infilled|Emissions|Kyoto Gases (AR6-GWP100),Mt CO2-equiv/yr,303.81123979587244,AR6 World GDP level and trajectory (unrebased),8.824563281230784,"AR6 World GHG, unrebased",SSP1,0.24642774667446443,SSP Basic Drivers v3.2 / OECD ENV-Growth 2025,billion USD_2010/yr,May 2025 update,0.24642774667446443,SSP Basic Drivers v3.2 / OECD ENV-Growth 2025,74.86751923727222,228.9437205586002,0.02904620410739219,0.26481511517757383,0.10968484215077766,SA2_AR6_dynamic_v32_split
SSP1-1.9,2049,IMAGE 3.0.1,SSP1-19,312.0107458620589,GDP|PPP,billion US$2010/yr,8.192993666432672,AR6 climate diagnostics|Infilled|Emissions|Kyoto Gases (AR6-GWP100),Mt CO2-equiv/yr,312.0107458620589,AR6 World GDP level and trajectory (unrebased),8.192993666432672,"AR6 World GHG, unrebased",SSP1,0.2440437620965602,SSP Basic Drivers v3.2 / OECD ENV-Growth 2025,billion USD_2010/yr,May 2025 update,0.2440437620965602,SSP Basic Drivers v3.2 / OECD ENV-Growth 2025,76.14427623473061,235.86646962732829,0.02625869068642535,0.26481511517757383,0.09915857963325612,SA2_AR6_dynamic_v32_split
SSP1-1.9,2050,IMAGE 3.0.1,SSP1-19,320.4315469000001,GDP|PPP,billion US$2010/yr,7.561893831203742,AR6 climate diagnostics|Infilled|Emissions|Kyoto Gases (AR6-GWP100),Mt CO2-equiv/yr,320.4315469000001,AR6 World GDP level and trajectory (unrebased),7.561893831203742,"AR6 World GHG, unrebased",SSP1,0.24168584025992457,SSP Basic Drivers v3.2 / OECD ENV-Growth 2025,billion USD_2010/yr,May 2025 update,0.24168584025992457,SSP Basic Drivers v3.2 / OECD ENV-Growth 2025,77.44376765831396,242.98777924168616,0.02359909286198855,0.26481511517757383,0.08911535448482234,SA2_AR6_dynamic_v32_split
SSP1-2.6,2025,IMAGE 3.0.1,SSP1-26,138.56683200039697,GDP|PPP,billion US$2010/yr,49.23475156002892,AR6 climate diagnostics|Infilled|Emissions|Kyoto Gases (AR6-GWP100),Mt CO2-equiv/yr,138.56683200039697,AR6 World GDP level and trajectory (unrebased),49.23475156002892,"AR6 World GHG, unrebased",SSP1,0.31737569885090355,SSP Basic Drivers v3.2 / OECD ENV-Growth 2025,billion USD_2010/yr,May 2025 update,0.31737569885090355,SSP Basic Drivers v3.2 / OECD ENV-Growth 2025,43.97774514368174,94.58908685671523,0.3553141170167466,0.3553141170167466,1.0,SA2_AR6_dynamic_v32_split
SSP1-2.6,2026,IMAGE 3.0.1,SSP1-26,144.59391012503605,GDP|PPP,billion US$2010/yr,48.54075752720379,AR6 climate diagnostics|Infilled|Emissions|Kyoto Gases (AR6-GWP100),Mt CO2-equiv/yr,144.59391012503605,AR6 World GDP level and trajectory (unrebased),48.54075752720379,"AR6 World GHG, unrebased",SSP1,0.3135229656102325,SSP Basic Drivers v3.2 / OECD ENV-Growth 2025,billion USD_2010/yr,May 2025 update,0.3135229656102325,SSP Basic Drivers v3.2 / OECD ENV-Growth 2025,45.33351151158073,99.26039861345532,0.33570402436194363,0.3553141170167466,0.9448091372798489,SA2_AR6_dynamic_v32_split
SSP1-2.6,2027,IMAGE 3.0.1,SSP1-26,150.8831409610859,GDP|PPP,billion US$2010/yr,47.847288178961975,AR6 climate diagnostics|Infilled|Emissions|Kyoto Gases (AR6-GWP100),Mt CO2-equiv/yr,150.8831409610859,AR6 World GDP level and trajectory (unrebased),47.847288178961975,"AR6 World GHG, unrebased",SSP1,0.3097306145721242,SSP Basic Drivers v3.2 / OECD ENV-Growth 2025,billion USD_2010/yr,May 2025 update,0.3097306145721242,SSP Basic Drivers v3.2 / OECD ENV-Growth 2025,46.73312797844958,104.15001298263633,0.31711487363125757,0.3553141170167466,0.8924916248579884,SA2_AR6_dynamic_v32_split
SSP1-2.6,2028,IMAGE 3.0.1,SSP1-26,157.44592705596344,GDP|PPP,billion US$2010/yr,47.15434350972723,AR6 climate diagnostics|Infilled|Emissions|Kyoto Gases (AR6-GWP100),Mt CO2-equiv/yr,157.44592705596344,AR6 World GDP level and trajectory (unrebased),47.15434350972723,"AR6 World GHG, unrebased",SSP1,0.3059977172728036,SSP Basic Drivers v3.2 / OECD ENV-Growth 2025,billion USD_2010/yr,May 2025 update,0.3059977172728036,SSP Basic Drivers v3.2 / OECD ENV-Growth 2025,48.17809427302516,109.26783278293829,0.2994954800765753,0.3553141170167466,0.842903407810446,SA2_AR6_dynamic_v32_split
SSP1-2.6,2029,IMAGE 3.0.1,SSP1-26,164.2941669202464,GDP|PPP,billion US$2010/yr,46.46192352236958,AR6 climate diagnostics|Infilled|Emissions|Kyoto Gases (AR6-GWP100),Mt CO2-equiv/yr,164.2941669202464,AR6 World GDP level and trajectory (unrebased),46.46192352236958,"AR6 World GHG, unrebased",SSP1,0.3023233608964627,SSP Basic Drivers v3.2 / OECD ENV-Growth 2025,billion USD_2010/yr,May 2025 update,0.3023233608964627,SSP Basic Drivers v3.2 / OECD ENV-Growth 2025,49.669964719013336,114.62420220123306,0.28279715825166013,0.3553141170167466,0.7959074652762288,SA2_AR6_dynamic_v32_split
SSP1-2.6,2030,IMAGE 3.0.1,SSP1-26,171.44027659999995,GDP|PPP,billion US$2010/yr,45.77002821675297,AR6 climate diagnostics|Infilled|Emissions|Kyoto Gases (AR6-GWP100),Mt CO2-equiv/yr,171.44027659999995,AR6 World GDP level and trajectory (unrebased),45.77002821675297,"AR6 World GHG, unrebased",SSP1,0.2987066480019229,SSP Basic Drivers v3.2 / OECD ENV-Growth 2025,billion USD_2010/yr,May 2025 update,0.2987066480019229,SSP Basic Drivers v3.2 / OECD ENV-Growth 2025,51.210350355708485,120.22992624429146,0.26697360226233435,0.3553141170167466,0.7513734734321051,SA2_AR6_dynamic_v32_split
SSP1-2.6,2031,IMAGE 3.0.1,SSP1-26,177.7089843520823,GDP|PPP,billion US$2010/yr,44.687111982949375,AR6 climate diagnostics|Infilled|Emissions|Kyoto Gases (AR6-GWP100),Mt CO2-equiv/yr,177.7089843520823,AR6 World GDP level and trajectory (unrebased),44.687111982949375,"AR6 World GHG, unrebased",SSP1,0.2951861587613793,SSP Basic Drivers v3.2 / OECD ENV-Growth 2025,billion USD_2010/yr,May 2025 update,0.2951861587613793,SSP Basic Drivers v3.2 / OECD ENV-Growth 2025,52.45723246827724,125.25175188380506,0.2514623115194556,0.3553141170167466,0.7077183243681919,SA2_AR6_dynamic_v32_split
SSP1-2.6,2032,IMAGE 3.0.1,SSP1-26,184.20690718512637,GDP|PPP,billion US$2010/yr,43.60491092949658,AR6 climate diagnostics|Infilled|Emissions|Kyoto Gases (AR6-GWP100),Mt CO2-equiv/yr,184.20690718512637,AR6 World GDP level and trajectory (unrebased),43.60491092949658,"AR6 World GHG, unrebased",SSP1,0.29171472454917957,SSP Basic Drivers v3.2 / OECD ENV-Growth 2025,billion USD_2010/yr,May 2025 update,0.29171472454917957,SSP Basic Drivers v3.2 / OECD ENV-Growth 2025,53.735867189565425,130.47103999556094,0.2367170243278338,0.3553141170167466,0.6662190242125305,SA2_AR6_dynamic_v32_split
SSP1-2.6,2033,IMAGE 3.0.1,SSP1-26,190.94242634059682,GDP|PPP,billion US$2010/yr,42.52342505912923,AR6 climate diagnostics|Infilled|Emissions|Kyoto Gases (AR6-GWP100),Mt CO2-equiv/yr,190.94242634059682,AR6 World GDP level and trajectory (unrebased),42.52342505912923,"AR6 World GHG, unrebased",SSP1,0.2882916567846543,SSP Basic Drivers v3.2 / OECD ENV-Growth 2025,billion USD_2010/yr,May 2025 update,0.2882916567846543,SSP Basic Drivers v3.2 / OECD ENV-Growth 2025,55.047108440212476,135.89531790038436,0.2227028632352107,0.3553141170167466,0.6267774134758466,SA2_AR6_dynamic_v32_split
SSP1-2.6,2034,IMAGE 3.0.1,SSP1-26,197.92422951976133,GDP|PPP,billion US$2010/yr,41.44265437219176,AR6 climate diagnostics|Infilled|Emissions|Kyoto Gases (AR6-GWP100),Mt CO2-equiv/yr,197.92422951976133,AR6 World GDP level and trajectory (unrebased),41.44265437219176,"AR6 World GHG, unrebased",SSP1,0.2849162769985648,SSP Basic Drivers v3.2 / OECD ENV-Growth 2025,billion USD_2010/yr,May 2025 update,0.2849162769985648,SSP Basic Drivers v3.2 / OECD ENV-Growth 2025,56.391834602579834,141.53239491718148,0.20938646305582312,0.3553141170167466,0.5892995888084974,SA2_AR6_dynamic_v32_split
SSP1-2.6,2035,IMAGE 3.0.1,SSP1-26,205.16132208938131,GDP|PPP,billion US$2010/yr,40.36259886578648,AR6 climate diagnostics|Infilled|Emissions|Kyoto Gases (AR6-GWP100),Mt CO2-equiv/yr,205.16132208938131,AR6 World GDP level and trajectory (unrebased),40.36259886578648,"AR6 World GHG, unrebased",SSP1,0.2815879166801254,SSP Basic Drivers v3.2 / OECD ENV-Growth 2025,billion USD_2010/yr,May 2025 update,0.2815879166801254,SSP Basic Drivers v3.2 / OECD ENV-Growth 2025,57.770949270489076,147.39037281889225,0.19673590740559746,0.3553141170167466,0.5536957243844183,SA2_AR6_dynamic_v32_split
SSP1-2.6,2036,IMAGE 3.0.1,SSP1-26,212.66303869714082,GDP|PPP,billion US$2010/yr,39.2979216033269,AR6 climate diagnostics|Infilled|Emissions|Kyoto Gases (AR6-GWP100),Mt CO2-equiv/yr,212.66303869714082,AR6 World GDP level and trajectory (unrebased),39.2979216033269,"AR6 World GHG, unrebased",SSP1,0.27864414707615237,SSP Basic Drivers v3.2 / OECD ENV-Growth 2025,billion USD_2010/yr,May 2025 update,0.27864414707615237,SSP Basic Drivers v3.2 / OECD ENV-Growth 2025,59.25731103238759,153.40572766475321,0.18478961762270374,0.3553141170167466,0.5200739536447809,SA2_AR6_dynamic_v32_split
SSP1-2.6,2037,IMAGE 3.0.1,SSP1-26,220.4390553117926,GDP|PPP,billion US$2010/yr,38.234134887996795,AR6 climate diagnostics|Infilled|Emissions|Kyoto Gases (AR6-GWP100),Mt CO2-equiv/yr,220.4390553117926,AR6 World GDP level and trajectory (unrebased),38.234134887996795,"AR6 World GHG, unrebased",SSP1,0.2757352714712802,SSP Basic Drivers v3.2 / OECD ENV-Growth 2025,billion USD_2010/yr,May 2025 update,0.2757352714712802,SSP Basic Drivers v3.2 / OECD ENV-Growth 2025,60.78282275926968,159.6562325525229,0.1734453762465903,0.3553141170167466,0.4881465946325333,SA2_AR6_dynamic_v32_split
SSP1-2.6,2038,IMAGE 3.0.1,SSP1-26,228.49940170355023,GDP|PPP,billion US$2010/yr,37.17123871034197,AR6 climate diagnostics|Infilled|Emissions|Kyoto Gases (AR6-GWP100),Mt CO2-equiv/yr,228.49940170355023,AR6 World GDP level and trajectory (unrebased),37.17123871034197,"AR6 World GHG, unrebased",SSP1,0.2728608595397884,SSP Basic Drivers v3.2 / OECD ENV-Growth 2025,billion USD_2010/yr,May 2025 update,0.2728608595397884,SSP Basic Drivers v3.2 / OECD ENV-Growth 2025,62.348543153158104,166.15085855039212,0.16267543124059056,0.3553141170167466,0.4578355417072364,SA2_AR6_dynamic_v32_split
SSP1-2.6,2039,IMAGE 3.0.1,SSP1-26,236.85447438082582,GDP|PPP,billion US$2010/yr,36.10923308715745,AR6 climate diagnostics|Infilled|Emissions|Kyoto Gases (AR6-GWP100),Mt CO2-equiv/yr,236.85447438082582,AR6 World GDP level and trajectory (unrebased),36.10923308715745,"AR6 World GHG, unrebased",SSP1,0.2700204863955185,SSP Basic Drivers v3.2 / OECD ENV-Growth 2025,billion USD_2010/yr,May 2025 update,0.2700204863955185,SSP Basic Drivers v3.2 / OECD ENV-Growth 2025,63.95556037726546,172.89891400356035,0.15245324447238146,0.3553141170167466,0.42906610565432746,SA2_AR6_dynamic_v32_split
SSP1-2.6,2040,IMAGE 3.0.1,SSP1-26,245.51504999999977,GDP|PPP,billion US$2010/yr,35.04811800099259,AR6 climate diagnostics|Infilled|Emissions|Kyoto Gases (AR6-GWP100),Mt CO2-equiv/yr,245.51504999999977,AR6 World GDP level and trajectory (unrebased),35.04811800099259,"AR6 World GHG, unrebased",SSP1,0.2672137325217621,SSP Basic Drivers v3.2 / OECD ENV-Growth 2025,billion USD_2010/yr,May 2025 update,0.2672137325217621,SSP Basic Drivers v3.2 / OECD ENV-Growth 2025,65.60499290076699,179.9100570992328,0.142753440169931,0.3553141170167466,0.4017668686189656,SA2_AR6_dynamic_v32_split
SSP1-2.6,2041,IMAGE 3.0.1,SSP1-26,252.1412108463452,GDP|PPP,billion US$2010/yr,34.10067437080364,AR6 climate diagnostics|Infilled|Emissions|Kyoto Gases (AR6-GWP100),Mt CO2-equiv/yr,252.1412108463452,AR6 World GDP level and trajectory (unrebased),34.10067437080364,"AR6 World GHG, unrebased",SSP1,0.2644556820963574,SSP Basic Drivers v3.2 / OECD ENV-Growth 2025,billion USD_2010/yr,May 2025 update,0.2644556820963574,SSP Basic Drivers v3.2 / OECD ENV-Growth 2025,66.68017589897168,185.4610349473735,0.13524435079985628,0.3553141170167466,0.38063320403754736,SA2_AR6_dynamic_v32_split
SSP1-2.6,2042,IMAGE 3.0.1,SSP1-26,258.9462039376452,GDP|PPP,billion US$2010/yr,33.15400415677922,AR6 climate diagnostics|Infilled|Emissions|Kyoto Gases (AR6-GWP100),Mt CO2-equiv/yr,258.9462039376452,AR6 World GDP level and trajectory (unrebased),33.15400415677922,"AR6 World GHG, unrebased",SSP1,0.26172958286602477,SSP Basic Drivers v3.2 / OECD ENV-Growth 2025,billion USD_2010/yr,May 2025 update,0.26172958286602477,SSP Basic Drivers v3.2 / OECD ENV-Growth 2025,67.77388194134045,191.17232199630473,0.12803433165895253,0.3553141170167466,0.36034124603306444,SA2_AR6_dynamic_v32_split
SSP1-2.6,2043,IMAGE 3.0.1,SSP1-26,265.9348557446994,GDP|PPP,billion US$2010/yr,32.20810737387915,AR6 climate diagnostics|Infilled|Emissions|Kyoto Gases (AR6-GWP100),Mt CO2-equiv/yr,265.9348557446994,AR6 World GDP level and trajectory (unrebased),32.20810737387915,"AR6 World GHG, unrebased",SSP1,0.2590350465806778,SSP Basic Drivers v3.2 / OECD ENV-Growth 2025,billion USD_2010/yr,May 2025 update,0.2590350465806778,SSP Basic Drivers v3.2 / OECD ENV-Growth 2025,68.88644774525403,197.04840799944537,0.12111277133524503,0.3553141170167466,0.34086112972971677,SA2_AR6_dynamic_v32_split
SSP1-2.6,2044,IMAGE 3.0.1,SSP1-26,273.11212299904514,GDP|PPP,billion US$2010/yr,31.262984007364672,AR6 climate diagnostics|Infilled|Emissions|Kyoto Gases (AR6-GWP100),Mt CO2-equiv/yr,273.11212299904514,AR6 World GDP level and trajectory (unrebased),31.262984007364672,"AR6 World GHG, unrebased",SSP1,0.2563716898352844,SSP Basic Drivers v3.2 / OECD ENV-Growth 2025,billion USD_2010/yr,May 2025 update,0.2563716898352844,SSP Basic Drivers v3.2 / OECD ENV-Growth 2025,70.01821648776725,203.0939065112779,0.11446941155180422,0.3553141170167466,0.3221639841189003,SA2_AR6_dynamic_v32_split
SSP1-2.6,2045,IMAGE 3.0.1,SSP1-26,280.48309620854303,GDP|PPP,billion US$2010/yr,30.31863408427963,AR6 climate diagnostics|Infilled|Emissions|Kyoto Gases (AR6-GWP100),Mt CO2-equiv/yr,280.48309620854303,AR6 World GDP level and trajectory (unrebased),30.31863408427963,"AR6 World GHG, unrebased",SSP1,0.2537391340080418,SSP Basic Drivers v3.2 / OECD ENV-Growth 2025,billion USD_2010/yr,May 2025 update,0.2537391340080418,SSP Basic Drivers v3.2 / OECD ENV-Growth 2025,71.16953793584999,209.31355827269306,0.10809433614401244,0.3553141170167466,0.3042219010367037,SA2_AR6_dynamic_v32_split
SSP1-2.6,2046,IMAGE 3.0.1,SSP1-26,288.05300326784055,GDP|PPP,billion US$2010/yr,29.37505758026234,AR6 climate diagnostics|Infilled|Emissions|Kyoto Gases (AR6-GWP100),Mt CO2-equiv/yr,288.05300326784055,AR6 World GDP level and trajectory (unrebased),29.37505758026234,"AR6 World GHG, unrebased",SSP1,0.2512751232076276,SSP Basic Drivers v3.2 / OECD ENV-Growth 2025,billion USD_2010/yr,May 2025 update,0.2512751232076276,SSP Basic Drivers v3.2 / OECD ENV-Growth 2025,72.3805538864538,215.67244938138674,0.10197795977481446,0.3553141170167466,0.2870079034039845,SA2_AR6_dynamic_v32_split
SSP1-2.6,2047,IMAGE 3.0.1,SSP1-26,295.82721316627885,GDP|PPP,billion US$2010/yr,28.43225449993484,AR6 climate diagnostics|Infilled|Emissions|Kyoto Gases (AR6-GWP100),Mt CO2-equiv/yr,295.82721316627885,AR6 World GDP level and trajectory (unrebased),28.43225449993484,"AR6 World GHG, unrebased",SSP1,0.24883809785984817,SSP Basic Drivers v3.2 / OECD ENV-Growth 2025,billion USD_2010/yr,May 2025 update,0.24883809785984817,SSP Basic Drivers v3.2 / OECD ENV-Growth 2025,73.61308101947667,222.21413214680217,0.09611101762958368,0.3553141170167466,0.27049591622348573,SA2_AR6_dynamic_v32_split
SSP1-2.6,2048,IMAGE 3.0.1,SSP1-26,303.81123979587244,GDP|PPP,billion US$2010/yr,27.49022485333839,AR6 climate diagnostics|Infilled|Emissions|Kyoto Gases (AR6-GWP100),Mt CO2-equiv/yr,303.81123979587244,AR6 World GDP level and trajectory (unrebased),27.49022485333839,"AR6 World GHG, unrebased",SSP1,0.24642774667446443,SSP Basic Drivers v3.2 / OECD ENV-Growth 2025,billion USD_2010/yr,May 2025 update,0.24642774667446443,SSP Basic Drivers v3.2 / OECD ENV-Growth 2025,74.86751923727222,228.9437205586002,0.09048455505401572,0.3553141170167466,0.2546607374166082,SA2_AR6_dynamic_v32_split
SSP1-2.6,2049,IMAGE 3.0.1,SSP1-26,312.0107458620589,GDP|PPP,billion US$2010/yr,26.548968630160708,AR6 climate diagnostics|Infilled|Emissions|Kyoto Gases (AR6-GWP100),Mt CO2-equiv/yr,312.0107458620589,AR6 World GDP level and trajectory (unrebased),26.548968630160708,"AR6 World GHG, unrebased",SSP1,0.2440437620965602,SSP Basic Drivers v3.2 / OECD ENV-Growth 2025,billion USD_2010/yr,May 2025 update,0.2440437620965602,SSP Basic Drivers v3.2 / OECD ENV-Growth 2025,76.14427623473061,235.86646962732829,0.0850899175180912,0.3553141170167466,0.23947800957787657,SA2_AR6_dynamic_v32_split
SSP1-2.6,2050,IMAGE 3.0.1,SSP1-26,320.4315469000001,GDP|PPP,billion US$2010/yr,25.608485831016143,AR6 climate diagnostics|Infilled|Emissions|Kyoto Gases (AR6-GWP100),Mt CO2-equiv/yr,320.4315469000001,AR6 World GDP level and trajectory (unrebased),25.608485831016143,"AR6 World GHG, unrebased",SSP1,0.24168584025992457,SSP Basic Drivers v3.2 / OECD ENV-Growth 2025,billion USD_2010/yr,May 2025 update,0.24168584025992457,SSP Basic Drivers v3.2 / OECD ENV-Growth 2025,77.44376765831396,242.98777924168616,0.07991874108140797,0.3553141170167466,0.22492419314046352,SA2_AR6_dynamic_v32_split
SSP2-4.5,2025,MESSAGE-GLOBIOM 1.0,SSP2-45,132.3421461836991,GDP|PPP,billion US$2010/yr,54.74682152369081,AR6 climate diagnostics|Infilled|Emissions|Kyoto Gases (AR6-GWP100),Mt CO2-equiv/yr,132.3421461836991,AR6 World GDP level and trajectory (unrebased),54.74682152369081,"AR6 World GHG, unrebased",SSP2,0.3173754129305667,SSP Basic Drivers v3.2 / OECD ENV-Growth 2025,billion USD_2010/yr,May 2025 update,0.3173754129305667,SSP Basic Drivers v3.2 / OECD ENV-Growth 2025,42.00214329316893,90.34000289053017,0.41367639185553806,0.41367639185553806,1.0,SA2_AR6_dynamic_v32_split
SSP2-4.5,2026,MESSAGE-GLOBIOM 1.0,SSP2-45,136.9984651539472,GDP|PPP,billion US$2010/yr,55.02754979223171,AR6 climate diagnostics|Infilled|Emissions|Kyoto Gases (AR6-GWP100),Mt CO2-equiv/yr,136.9984651539472,AR6 World GDP level and trajectory (unrebased),55.02754979223171,"AR6 World GHG, unrebased",SSP2,0.313527204907894,SSP Basic Drivers v3.2 / OECD ENV-Growth 2025,billion USD_2010/yr,May 2025 update,0.313527204907894,SSP Basic Drivers v3.2 / OECD ENV-Growth 2025,42.952745856388574,94.04571929755862,0.40166544734932935,0.41367639185553806,0.9709653614693026,SA2_AR6_dynamic_v32_split
SSP2-4.5,2027,MESSAGE-GLOBIOM 1.0,SSP2-45,141.81861180100074,GDP|PPP,billion US$2010/yr,55.308039521867826,AR6 climate diagnostics|Infilled|Emissions|Kyoto Gases (AR6-GWP100),Mt CO2-equiv/yr,141.81861180100074,AR6 World GDP level and trajectory (unrebased),55.308039521867826,"AR6 World GHG, unrebased",SSP2,0.3097389765696906,SSP Basic Drivers v3.2 / OECD ENV-Growth 2025,billion USD_2010/yr,May 2025 update,0.3097389765696906,SSP Basic Drivers v3.2 / OECD ENV-Growth 2025,43.92675167777622,97.89186012322452,0.3899914039454555,0.41367639185553806,0.9427451303086358,SA2_AR6_dynamic_v32_split
SSP2-4.5,2028,MESSAGE-GLOBIOM 1.0,SSP2-45,146.8083502290495,GDP|PPP,billion US$2010/yr,55.58829070758088,AR6 climate diagnostics|Infilled|Emissions|Kyoto Gases (AR6-GWP100),Mt CO2-equiv/yr,146.8083502290495,AR6 World GDP level and trajectory (unrebased),55.58829070758088,"AR6 World GHG, unrebased",SSP2,0.30600981055687204,SSP Basic Drivers v3.2 / OECD ENV-Growth 2025,billion USD_2010/yr,May 2025 update,0.30600981055687204,SSP Basic Drivers v3.2 / OECD ENV-Growth 2025,44.924795441758356,101.88355478729113,0.3786452924568144,0.41367639185553806,0.9153176248671279,SA2_AR6_dynamic_v32_split
SSP2-4.5,2029,MESSAGE-GLOBIOM 1.0,SSP2-45,151.97364734621675,GDP|PPP,billion US$2010/yr,55.868303363723854,AR6 climate diagnostics|Infilled|Emissions|Kyoto Gases (AR6-GWP100),Mt CO2-equiv/yr,151.97364734621675,AR6 World GDP level and trajectory (unrebased),55.868303363723854,"AR6 World GHG, unrebased",SSP2,0.30233880484816084,SSP Basic Drivers v3.2 / OECD ENV-Growth 2025,billion USD_2010/yr,May 2025 update,0.30233880484816084,SSP Basic Drivers v3.2 / OECD ENV-Growth 2025,45.94753090707104,106.02611643914571,0.3676183623891596,0.41367639185553806,0.8886616921507511,SA2_AR6_dynamic_v32_split
SSP2-4.5,2030,MESSAGE-GLOBIOM 1.0,SSP2-45,157.32067999999987,GDP|PPP,billion US$2010/yr,56.14807747641181,AR6 climate diagnostics|Infilled|Emissions|Kyoto Gases (AR6-GWP100),Mt CO2-equiv/yr,157.32067999999987,AR6 World GDP level and trajectory (unrebased),56.14807747641181,"AR6 World GHG, unrebased",SSP2,0.29872507249440333,SSP Basic Drivers v3.2 / OECD ENV-Growth 2025,billion USD_2010/yr,May 2025 update,0.29872507249440333,SSP Basic Drivers v3.2 / OECD ENV-Growth 2025,46.99563153786879,110.32504846213108,0.356902077186622,0.41367639185553806,0.8627566963290897,SA2_AR6_dynamic_v32_split
SSP2-4.5,2031,MESSAGE-GLOBIOM 1.0,SSP2-45,161.48654563007247,GDP|PPP,billion US$2010/yr,56.12694504420659,AR6 climate diagnostics|Infilled|Emissions|Kyoto Gases (AR6-GWP100),Mt CO2-equiv/yr,161.48654563007247,AR6 World GDP level and trajectory (unrebased),56.12694504420659,"AR6 World GHG, unrebased",SSP2,0.2953312646051032,SSP Basic Drivers v3.2 / OECD ENV-Growth 2025,billion USD_2010/yr,May 2025 update,0.2953312646051032,SSP Basic Drivers v3.2 / OECD ENV-Growth 2025,47.69202573763901,113.79451989243347,0.3475642185868547,0.41367639185553806,0.8401838379702106,SA2_AR6_dynamic_v32_split
SSP2-4.5,2032,MESSAGE-GLOBIOM 1.0,SSP2-45,165.76272375337751,GDP|PPP,billion US$2010/yr,56.105898140781484,AR6 climate diagnostics|Infilled|Emissions|Kyoto Gases (AR6-GWP100),Mt CO2-equiv/yr,165.76272375337751,AR6 World GDP level and trajectory (unrebased),56.105898140781484,"AR6 World GHG, unrebased",SSP2,0.29198302143095406,SSP Basic Drivers v3.2 / OECD ENV-Growth 2025,billion USD_2010/yr,May 2025 update,0.29198302143095406,SSP Basic Drivers v3.2 / OECD ENV-Growth 2025,48.39990092213574,117.36282283124177,0.3384711403768683,0.41367639185553806,0.8182026991162393,SA2_AR6_dynamic_v32_split
SSP2-4.5,2033,MESSAGE-GLOBIOM 1.0,SSP2-45,170.15213545456908,GDP|PPP,billion US$2010/yr,56.08493675705109,AR6 climate diagnostics|Infilled|Emissions|Kyoto Gases (AR6-GWP100),Mt CO2-equiv/yr,170.15213545456908,AR6 World GDP level and trajectory (unrebased),56.08493675705109,"AR6 World GHG, unrebased",SSP2,0.28867973190493923,SSP Basic Drivers v3.2 / OECD ENV-Growth 2025,billion USD_2010/yr,May 2025 update,0.28867973190493923,SSP Basic Drivers v3.2 / OECD ENV-Growth 2025,49.119472846077905,121.03266260849117,0.3296164142002547,0.41367639185553806,0.7967977401895385,SA2_AR6_dynamic_v32_split
SSP2-4.5,2034,MESSAGE-GLOBIOM 1.0,SSP2-45,174.65777916888334,GDP|PPP,billion US$2010/yr,56.064060896331775,AR6 climate diagnostics|Infilled|Emissions|Kyoto Gases (AR6-GWP100),Mt CO2-equiv/yr,174.65777916888334,AR6 World GDP level and trajectory (unrebased),56.064060896331775,"AR6 World GHG, unrebased",SSP2,0.28542079350540905,SSP Basic Drivers v3.2 / OECD ENV-Growth 2025,billion USD_2010/yr,May 2025 update,0.28542079350540905,SSP Basic Drivers v3.2 / OECD ENV-Growth 2025,49.85096192227519,124.80681724660815,0.3209937808846251,0.41367639185553806,0.7759538305892034,SA2_AR6_dynamic_v32_split
SSP2-4.5,2035,MESSAGE-GLOBIOM 1.0,SSP2-45,179.28273273038877,GDP|PPP,billion US$2010/yr,56.04327057142313,AR6 climate diagnostics|Infilled|Emissions|Kyoto Gases (AR6-GWP100),Mt CO2-equiv/yr,179.28273273038877,AR6 World GDP level and trajectory (unrebased),56.04327057142313,"AR6 World GHG, unrebased",SSP2,0.28220561213363315,SSP Basic Drivers v3.2 / OECD ENV-Growth 2025,billion USD_2010/yr,May 2025 update,0.28220561213363315,SSP Basic Drivers v3.2 / OECD ENV-Growth 2025,50.59459333516991,128.68813939521885,0.3125971459599672,0.41367639185553806,0.7556562378573702,SA2_AR6_dynamic_v32_split
SSP2-4.5,2036,MESSAGE-GLOBIOM 1.0,SSP2-45,184.0301554744741,GDP|PPP,billion US$2010/yr,56.01928402626037,AR6 climate diagnostics|Infilled|Emissions|Kyoto Gases (AR6-GWP100),Mt CO2-equiv/yr,184.0301554744741,AR6 World GDP level and trajectory (unrebased),56.01928402626037,"AR6 World GHG, unrebased",SSP2,0.2794931922755344,SSP Basic Drivers v3.2 / OECD ENV-Growth 2025,billion USD_2010/yr,May 2025 update,0.2794931922755344,SSP Basic Drivers v3.2 / OECD ENV-Growth 2025,51.43517562852367,132.59497984595043,0.3044027424843997,0.41367639185553806,0.7358475090130395,SA2_AR6_dynamic_v32_split
SSP2-4.5,2037,MESSAGE-GLOBIOM 1.0,SSP2-45,188.9032903960116,GDP|PPP,billion US$2010/yr,55.99538274853933,AR6 climate diagnostics|Infilled|Emissions|Kyoto Gases (AR6-GWP100),Mt CO2-equiv/yr,188.9032903960116,AR6 World GDP level and trajectory (unrebased),55.99538274853933,"AR6 World GHG, unrebased",SSP2,0.27681098649403313,SSP Basic Drivers v3.2 / OECD ENV-Growth 2025,billion USD_2010/yr,May 2025 update,0.27681098649403313,SSP Basic Drivers v3.2 / OECD ENV-Growth 2025,52.29050616648879,136.61278422952282,0.29642354366169144,0.41367639185553806,0.7165590048107143,SA2_AR6_dynamic_v32_split
SSP2-4.5,2038,MESSAGE-GLOBIOM 1.0,SSP2-45,193.905466364666,GDP|PPP,billion US$2010/yr,55.9715667241387,AR6 climate diagnostics|Infilled|Emissions|Kyoto Gases (AR6-GWP100),Mt CO2-equiv/yr,193.905466364666,AR6 World GDP level and trajectory (unrebased),55.9715667241387,"AR6 World GHG, unrebased",SSP2,0.2741586491905483,SSP Basic Drivers v3.2 / OECD ENV-Growth 2025,billion USD_2010/yr,May 2025 update,0.2741586491905483,SSP Basic Drivers v3.2 / OECD ENV-Growth 2025,53.16086072920013,140.7446056354659,0.2886538877603194,0.41367639185553806,0.6977770388722633,SA2_AR6_dynamic_v32_split
SSP2-4.5,2039,MESSAGE-GLOBIOM 1.0,SSP2-45,199.04010039886774,GDP|PPP,billion US$2010/yr,55.94783597224089,AR6 climate diagnostics|Infilled|Emissions|Kyoto Gases (AR6-GWP100),Mt CO2-equiv/yr,199.04010039886774,AR6 World GDP level and trajectory (unrebased),55.94783597224089,"AR6 World GHG, unrebased",SSP2,0.27153583880699345,SSP Basic Drivers v3.2 / OECD ENV-Growth 2025,billion USD_2010/yr,May 2025 update,0.27153583880699345,SSP Basic Drivers v3.2 / OECD ENV-Growth 2025,54.04652061803474,144.993579780833,0.28108826241608525,0.41367639185553806,0.6794882858924313,SA2_AR6_dynamic_v32_split
SSP2-4.5,2040,MESSAGE-GLOBIOM 1.0,SSP2-45,204.31069999999988,GDP|PPP,billion US$2010/yr,55.924190478204714,AR6 climate diagnostics|Infilled|Emissions|Kyoto Gases (AR6-GWP100),Mt CO2-equiv/yr,204.31069999999988,AR6 World GDP level and trajectory (unrebased),55.924190478204714,"AR6 World GHG, unrebased",SSP2,0.26894221777776023,SSP Basic Drivers v3.2 / OECD ENV-Growth 2025,billion USD_2010/yr,May 2025 update,0.26894221777776023,SSP Basic Drivers v3.2 / OECD ENV-Growth 2025,54.947772773726605,149.36292722627329,0.27372130034405806,0.41367639185553806,0.6616797712731105,SA2_AR6_dynamic_v32_split
SSP2-4.5,2041,MESSAGE-GLOBIOM 1.0,SSP2-45,208.80012660245816,GDP|PPP,billion US$2010/yr,55.691554844337716,AR6 climate diagnostics|Infilled|Emissions|Kyoto Gases (AR6-GWP100),Mt CO2-equiv/yr,208.80012660245816,AR6 World GDP level and trajectory (unrebased),55.691554844337716,"AR6 World GHG, unrebased",SSP2,0.2664689821762049,SSP Basic Drivers v3.2 / OECD ENV-Growth 2025,billion USD_2010/yr,May 2025 update,0.2664689821762049,SSP Basic Drivers v3.2 / OECD ENV-Growth 2025,55.638757214019755,153.1613693884384,0.26672184423705264,0.41367639185553806,0.6447596466423345,SA2_AR6_dynamic_v32_split
SSP2-4.5,2042,MESSAGE-GLOBIOM 1.0,SSP2-45,213.3882017398134,GDP|PPP,billion US$2010/yr,55.45912035162881,AR6 climate diagnostics|Infilled|Emissions|Kyoto Gases (AR6-GWP100),Mt CO2-equiv/yr,213.3882017398134,AR6 World GDP level and trajectory (unrebased),55.45912035162881,"AR6 World GHG, unrebased",SSP2,0.26402185141424683,SSP Basic Drivers v3.2 / OECD ENV-Growth 2025,billion USD_2010/yr,May 2025 update,0.26402185141424683,SSP Basic Drivers v3.2 / OECD ENV-Growth 2025,56.33914809330234,157.04905364651108,0.2598977820678705,0.41367639185553806,0.6282635102818018,SA2_AR6_dynamic_v32_split
SSP2-4.5,2043,MESSAGE-GLOBIOM 1.0,SSP2-45,218.0770930682727,GDP|PPP,billion US$2010/yr,55.22688700205831,AR6 climate diagnostics|Infilled|Emissions|Kyoto Gases (AR6-GWP100),Mt CO2-equiv/yr,218.0770930682727,AR6 World GDP level and trajectory (unrebased),55.22688700205831,"AR6 World GHG, unrebased",SSP2,0.26160053703284725,SSP Basic Drivers v3.2 / OECD ENV-Growth 2025,billion USD_2010/yr,May 2025 update,0.26160053703284725,SSP Basic Drivers v3.2 / OECD ENV-Growth 2025,57.049084661222345,161.02800840705035,0.2532447870843941,0.41367639185553806,0.6121809029238268,SA2_AR6_dynamic_v32_split
SSP2-4.5,2044,MESSAGE-GLOBIOM 1.0,SSP2-45,222.86901587509283,GDP|PPP,billion US$2010/yr,54.99485478374837,AR6 climate diagnostics|Infilled|Emissions|Kyoto Gases (AR6-GWP100),Mt CO2-equiv/yr,222.86901587509283,AR6 World GDP level and trajectory (unrebased),54.99485478374837,"AR6 World GHG, unrebased",SSP2,0.2592047538403263,SSP Basic Drivers v3.2 / OECD ENV-Growth 2025,billion USD_2010/yr,May 2025 update,0.2592047538403263,SSP Basic Drivers v3.2 / OECD ENV-Growth 2025,57.76870839853922,165.1003074765536,0.2467586378833848,0.41367639185553806,0.5965016199656774,SA2_AR6_dynamic_v32_split
SSP2-4.5,2045,MESSAGE-GLOBIOM 1.0,SSP2-45,227.7662341252057,GDP|PPP,billion US$2010/yr,54.763023701216646,AR6 climate diagnostics|Infilled|Emissions|Kyoto Gases (AR6-GWP100),Mt CO2-equiv/yr,227.7662341252057,AR6 World GDP level and trajectory (unrebased),54.763023701216646,"AR6 World GHG, unrebased",SSP2,0.2568342198744994,SSP Basic Drivers v3.2 / OECD ENV-Growth 2025,billion USD_2010/yr,May 2025 update,0.2568342198744994,SSP Basic Drivers v3.2 / OECD ENV-Growth 2025,58.498163055299784,169.26807106990591,0.24043521600797416,0.41367639185553806,0.5812157056618733,SA2_AR6_dynamic_v32_split
SSP2-4.5,2046,MESSAGE-GLOBIOM 1.0,SSP2-45,232.7710615308356,GDP|PPP,billion US$2010/yr,54.53094937285966,AR6 climate diagnostics|Infilled|Emissions|Kyoto Gases (AR6-GWP100),Mt CO2-equiv/yr,232.7710615308356,AR6 World GDP level and trajectory (unrebased),54.53094937285966,"AR6 World GHG, unrebased",SSP2,0.25455430076281954,SSP Basic Drivers v3.2 / OECD ENV-Growth 2025,billion USD_2010/yr,May 2025 update,0.25455430076281954,SSP Basic Drivers v3.2 / OECD ENV-Growth 2025,59.2528748058011,173.5181867250345,0.23426859427556396,0.41367639185553806,0.5663088319465279,SA2_AR6_dynamic_v32_split
SSP2-4.5,2047,MESSAGE-GLOBIOM 1.0,SSP2-45,237.88586264462404,GDP|PPP,billion US$2010/yr,54.29908125748317,AR6 climate diagnostics|Infilled|Emissions|Kyoto Gases (AR6-GWP100),Mt CO2-equiv/yr,237.88586264462404,AR6 World GDP level and trajectory (unrebased),54.29908125748317,"AR6 World GHG, unrebased",SSP2,0.25229733952906475,SSP Basic Drivers v3.2 / OECD ENV-Growth 2025,billion USD_2010/yr,May 2025 update,0.25229733952906475,SSP Basic Drivers v3.2 / OECD ENV-Growth 2025,60.01797025681517,177.86789238780887,0.22825686509416565,0.41367639185553806,0.551776387505034,SA2_AR6_dynamic_v32_split
SSP2-4.5,2048,MESSAGE-GLOBIOM 1.0,SSP2-45,243.11305397677407,GDP|PPP,billion US$2010/yr,54.06741934309347,AR6 climate diagnostics|Infilled|Emissions|Kyoto Gases (AR6-GWP100),Mt CO2-equiv/yr,243.11305397677407,AR6 World GDP level and trajectory (unrebased),54.06741934309347,"AR6 World GHG, unrebased",SSP2,0.2500630903693329,SSP Basic Drivers v3.2 / OECD ENV-Growth 2025,billion USD_2010/yr,May 2025 update,0.2500630903693329,SSP Basic Drivers v3.2 / OECD ENV-Growth 2025,60.79360158655856,182.3194523902155,0.22239619986946002,0.41367639185553806,0.537609117290706,SA2_AR6_dynamic_v32_split
SSP2-4.5,2049,MESSAGE-GLOBIOM 1.0,SSP2-45,248.45510513673833,GDP|PPP,billion US$2010/yr,53.835963634273874,AR6 climate diagnostics|Infilled|Emissions|Kyoto Gases (AR6-GWP100),Mt CO2-equiv/yr,248.45510513673833,AR6 World GDP level and trajectory (unrebased),53.835963634273874,"AR6 World GHG, unrebased",SSP2,0.24785131022643309,SSP Basic Drivers v3.2 / OECD ENV-Growth 2025,billion USD_2010/yr,May 2025 update,0.24785131022643309,SSP Basic Drivers v3.2 / OECD ENV-Growth 2025,61.57992334058678,186.87518179615154,0.21668286350825844,0.41367639185553806,0.5237979922816753,SA2_AR6_dynamic_v32_split
SSP2-4.5,2050,MESSAGE-GLOBIOM 1.0,SSP2-45,253.91454000000022,GDP|PPP,billion US$2010/yr,53.604714126269315,AR6 climate diagnostics|Infilled|Emissions|Kyoto Gases (AR6-GWP100),Mt CO2-equiv/yr,253.91454000000022,AR6 World GDP level and trajectory (unrebased),53.604714126269315,"AR6 World GHG, unrebased",SSP2,0.24566175875783686,SSP Basic Drivers v3.2 / OECD ENV-Growth 2025,billion USD_2010/yr,May 2025 update,0.24566175875783686,SSP Basic Drivers v3.2 / OECD ENV-Growth 2025,62.37709247058717,191.53744752941304,0.21111321205264286,0.41367639185553806,0.5103342037617818,SA2_AR6_dynamic_v32_split
SSP3-7.0,2025,MIGRATION 1.0,SSP3-7.0_zeromig,131.57368822870808,GDP|PPP,billion US$2010/yr,65.8908974566815,AR6 climate diagnostics|Infilled|Emissions|Kyoto Gases (AR6-GWP100),Mt CO2-equiv/yr,131.57368822870808,AR6 World GDP level and trajectory (unrebased),65.8908974566815,"AR6 World GHG, unrebased",SSP3,0.317375884694495,SSP Basic Drivers v3.2 / OECD ENV-Growth 2025,billion USD_2010/yr,May 2025 update,0.317375884694495,SSP Basic Drivers v3.2 / OECD ENV-Growth 2025,41.75831570410389,89.81537252460419,0.5007908370110185,0.5007908370110185,1.0,SA2_AR6_dynamic_v32_split
SSP3-7.0,2026,MIGRATION 1.0,SSP3-7.0_zeromig,134.8941946705815,GDP|PPP,billion US$2010/yr,66.96936433183951,AR6 climate diagnostics|Infilled|Emissions|Kyoto Gases (AR6-GWP100),Mt CO2-equiv/yr,134.8941946705815,AR6 World GDP level and trajectory (unrebased),66.96936433183951,"AR6 World GHG, unrebased",SSP3,0.3135029517303951,SSP Basic Drivers v3.2 / OECD ENV-Growth 2025,billion USD_2010/yr,May 2025 update,0.3135029517303951,SSP Basic Drivers v3.2 / OECD ENV-Growth 2025,42.289728200521836,92.60446647005966,0.4964584613547093,0.5007908370110185,0.9913489318571261,SA2_AR6_dynamic_v32_split
SSP3-7.0,2027,MIGRATION 1.0,SSP3-7.0_zeromig,138.29850026089372,GDP|PPP,billion US$2010/yr,68.06426277502585,AR6 climate diagnostics|Infilled|Emissions|Kyoto Gases (AR6-GWP100),Mt CO2-equiv/yr,138.29850026089372,AR6 World GDP level and trajectory (unrebased),68.06426277502585,"AR6 World GHG, unrebased",SSP3,0.3096904276602925,SSP Basic Drivers v3.2 / OECD ENV-Growth 2025,billion USD_2010/yr,May 2025 update,0.3096904276602925,SSP Basic Drivers v3.2 / OECD ENV-Growth 2025,42.829721690573244,95.46877857032047,0.49215474243484764,0.5007908370110185,0.9827550866790704,SA2_AR6_dynamic_v32_split
SSP3-7.0,2028,MIGRATION 1.0,SSP3-7.0_zeromig,141.78871982682614,GDP|PPP,billion US$2010/yr,69.13852847289309,AR6 climate diagnostics|Infilled|Emissions|Kyoto Gases (AR6-GWP100),Mt CO2-equiv/yr,141.78871982682614,AR6 World GDP level and trajectory (unrebased),69.13852847289309,"AR6 World GHG, unrebased",SSP3,0.30593738681924565,SSP Basic Drivers v3.2 / OECD ENV-Growth 2025,billion USD_2010/yr,May 2025 update,0.30593738681924565,SSP Basic Drivers v3.2 / OECD ENV-Growth 2025,43.37847042426535,98.4102494025608,0.4876165646839574,0.5007908370110185,0.9736930643426066,SA2_AR6_dynamic_v32_split
SSP3-7.0,2029,MIGRATION 1.0,SSP3-7.0_zeromig,145.36702156715262,GDP|PPP,billion US$2010/yr,70.17652737951302,AR6 climate diagnostics|Infilled|Emissions|Kyoto Gases (AR6-GWP100),Mt CO2-equiv/yr,145.36702156715262,AR6 World GDP level and trajectory (unrebased),70.17652737951302,"AR6 World GHG, unrebased",SSP3,0.3022429190236865,SSP Basic Drivers v3.2 / OECD ENV-Growth 2025,billion USD_2010/yr,May 2025 update,0.3022429190236865,SSP Basic Drivers v3.2 / OECD ENV-Growth 2025,43.936152928235394,101.43086863891722,0.48275411178521543,0.5007908370110185,0.9639835158856827,SA2_AR6_dynamic_v32_split
SSP3-7.0,2030,MIGRATION 1.0,SSP3-7.0_zeromig,149.0356283991709,GDP|PPP,billion US$2010/yr,71.20183890997005,AR6 climate diagnostics|Infilled|Emissions|Kyoto Gases (AR6-GWP100),Mt CO2-equiv/yr,149.0356283991709,AR6 World GDP level and trajectory (unrebased),71.20183890997005,"AR6 World GHG, unrebased",SSP3,0.29860612930324837,SSP Basic Drivers v3.2 / OECD ENV-Growth 2025,billion USD_2010/yr,May 2025 update,0.29860612930324837,SSP Basic Drivers v3.2 / OECD ENV-Growth 2025,44.502952124553694,104.53267627461719,0.4777504525244526,0.5007908370110185,0.953992000684192,SA2_AR6_dynamic_v32_split
SSP3-7.0,2031,MIGRATION 1.0,SSP3-7.0_zeromig,151.81959450515436,GDP|PPP,billion US$2010/yr,71.73614842941417,AR6 climate diagnostics|Infilled|Emissions|Kyoto Gases (AR6-GWP100),Mt CO2-equiv/yr,151.81959450515436,AR6 World GDP level and trajectory (unrebased),71.73614842941417,"AR6 World GHG, unrebased",SSP3,0.29525062842049,SSP Basic Drivers v3.2 / OECD ENV-Growth 2025,billion USD_2010/yr,May 2025 update,0.29525062842049,SSP Basic Drivers v3.2 / OECD ENV-Growth 2025,44.82483068419079,106.99476382096356,0.47250915577289787,0.5007908370110185,0.9435259610440949,SA2_AR6_dynamic_v32_split
SSP3-7.0,2032,MIGRATION 1.0,SSP3-7.0_zeromig,154.65556473500078,GDP|PPP,billion US$2010/yr,72.30387854965711,AR6 climate diagnostics|Infilled|Emissions|Kyoto Gases (AR6-GWP100),Mt CO2-equiv/yr,154.65556473500078,AR6 World GDP level and trajectory (unrebased),72.30387854965711,"AR6 World GHG, unrebased",SSP3,0.29194016819496044,SSP Basic Drivers v3.2 / OECD ENV-Growth 2025,billion USD_2010/yr,May 2025 update,0.29194016819496044,SSP Basic Drivers v3.2 / OECD ENV-Growth 2025,45.15017158102272,109.50539315397806,0.46751553152030684,0.5007908370110185,0.9335544841648541,SA2_AR6_dynamic_v32_split
SSP3-7.0,2033,MIGRATION 1.0,SSP3-7.0_zeromig,157.54451051896345,GDP|PPP,billion US$2010/yr,72.83977611205042,AR6 climate diagnostics|Infilled|Emissions|Kyoto Gases (AR6-GWP100),Mt CO2-equiv/yr,157.54451051896345,AR6 World GDP level and trajectory (unrebased),72.83977611205042,"AR6 World GHG, unrebased",SSP3,0.28867415235442545,SSP Basic Drivers v3.2 / OECD ENV-Growth 2025,billion USD_2010/yr,May 2025 update,0.28867415235442545,SSP Basic Drivers v3.2 / OECD ENV-Growth 2025,45.47902803215464,112.0654824868088,0.46234410752942595,0.5007908370110185,0.9232279693632921,SA2_AR6_dynamic_v32_split
SSP3-7.0,2034,MIGRATION 1.0,SSP3-7.0_zeromig,160.48742143348534,GDP|PPP,billion US$2010/yr,73.37564013827166,AR6 climate diagnostics|Infilled|Emissions|Kyoto Gases (AR6-GWP100),Mt CO2-equiv/yr,160.48742143348534,AR6 World GDP level and trajectory (unrebased),73.37564013827166,"AR6 World GHG, unrebased",SSP3,0.28545199292758444,SSP Basic Drivers v3.2 / OECD ENV-Growth 2025,billion USD_2010/yr,May 2025 update,0.28545199292758444,SSP Basic Drivers v3.2 / OECD ENV-Growth 2025,45.81145428799752,114.67596714548782,0.45720492910207605,0.5007908370110185,0.9129658438459339,SA2_AR6_dynamic_v32_split
SSP3-7.0,2035,MIGRATION 1.0,SSP3-7.0_zeromig,163.48530554016915,GDP|PPP,billion US$2010/yr,73.91548119606098,AR6 climate diagnostics|Infilled|Emissions|Kyoto Gases (AR6-GWP100),Mt CO2-equiv/yr,163.48530554016915,AR6 World GDP level and trajectory (unrebased),73.91548119606098,"AR6 World GHG, unrebased",SSP3,0.2822731101257393,SSP Basic Drivers v3.2 / OECD ENV-Growth 2025,billion USD_2010/yr,May 2025 update,0.2822731101257393,SSP Basic Drivers v3.2 / OECD ENV-Growth 2025,46.1475056546803,117.33779988548885,0.4521230880771702,0.5007908370110185,0.9028182120417322,SA2_AR6_dynamic_v32_split
SSP3-7.0,2036,MIGRATION 1.0,SSP3-7.0_zeromig,166.0319077353614,GDP|PPP,billion US$2010/yr,74.00750039150702,AR6 climate diagnostics|Infilled|Emissions|Kyoto Gases (AR6-GWP100),Mt CO2-equiv/yr,166.0319077353614,AR6 World GDP level and trajectory (unrebased),74.00750039150702,"AR6 World GHG, unrebased",SSP3,0.2798302736770373,SSP Basic Drivers v3.2 / OECD ENV-Growth 2025,billion USD_2010/yr,May 2025 update,0.2798302736770373,SSP Basic Drivers v3.2 / OECD ENV-Growth 2025,46.46075418070678,119.57115355465461,0.4457426370686997,0.5007908370110185,0.8900774617385669,SA2_AR6_dynamic_v32_split
SSP3-7.0,2037,MIGRATION 1.0,SSP3-7.0_zeromig,168.61817822195806,GDP|PPP,billion US$2010/yr,74.65213049337294,AR6 climate diagnostics|Infilled|Emissions|Kyoto Gases (AR6-GWP100),Mt CO2-equiv/yr,168.61817822195806,AR6 World GDP level and trajectory (unrebased),74.65213049337294,"AR6 World GHG, unrebased",SSP3,0.2774136846576279,SSP Basic Drivers v3.2 / OECD ENV-Growth 2025,billion USD_2010/yr,May 2025 update,0.2774136846576279,SSP Basic Drivers v3.2 / OECD ENV-Growth 2025,46.77699012080997,121.84118810114809,0.44272884027430126,0.5007908370110185,0.8840593867825907,SA2_AR6_dynamic_v32_split
SSP3-7.0,2038,MIGRATION 1.0,SSP3-7.0_zeromig,171.24473491089452,GDP|PPP,billion US$2010/yr,75.23175350675758,AR6 climate diagnostics|Infilled|Emissions|Kyoto Gases (AR6-GWP100),Mt CO2-equiv/yr,171.24473491089452,AR6 World GDP level and trajectory (unrebased),75.23175350675758,"AR6 World GHG, unrebased",SSP3,0.27502306774390295,SSP Basic Drivers v3.2 / OECD ENV-Growth 2025,billion USD_2010/yr,May 2025 update,0.27502306774390295,SSP Basic Drivers v3.2 / OECD ENV-Growth 2025,47.09625233018565,124.14848258070887,0.43932301653480715,0.5007908370110185,0.8772584960957285,SA2_AR6_dynamic_v32_split
SSP3-7.0,2039,MIGRATION 1.0,SSP3-7.0_zeromig,173.91220533827186,GDP|PPP,billion US$2010/yr,75.8061064379085,AR6 climate diagnostics|Infilled|Emissions|Kyoto Gases (AR6-GWP100),Mt CO2-equiv/yr,173.91220533827186,AR6 World GDP level and trajectory (unrebased),75.8061064379085,"AR6 World GHG, unrebased",SSP3,0.27265815065494964,SSP Basic Drivers v3.2 / OECD ENV-Growth 2025,billion USD_2010/yr,May 2025 update,0.27265815065494964,SSP Basic Drivers v3.2 / OECD ENV-Growth 2025,47.41858028385707,126.49362505441479,0.4358872126913699,0.5007908370110185,0.8703977398887182,SA2_AR6_dynamic_v32_split
SSP3-7.0,2040,MIGRATION 1.0,SSP3-7.0_zeromig,176.62122681528984,GDP|PPP,billion US$2010/yr,76.46401942372088,AR6 climate diagnostics|Infilled|Emissions|Kyoto Gases (AR6-GWP100),Mt CO2-equiv/yr,176.62122681528984,AR6 World GDP level and trajectory (unrebased),76.46401942372088,"AR6 World GHG, unrebased",SSP3,0.2703186641183262,SSP Basic Drivers v3.2 / OECD ENV-Growth 2025,billion USD_2010/yr,May 2025 update,0.2703186641183262,SSP Basic Drivers v3.2 / OECD ENV-Growth 2025,47.74401408764905,128.8772127276408,0.43292655589855467,0.5007908370110185,0.8644857771010482,SA2_AR6_dynamic_v32_split
SSP3-7.0,2041,MIGRATION 1.0,SSP3-7.0_zeromig,178.90912044074537,GDP|PPP,billion US$2010/yr,76.8877638186501,AR6 climate diagnostics|Infilled|Emissions|Kyoto Gases (AR6-GWP100),Mt CO2-equiv/yr,178.90912044074537,AR6 World GDP level and trajectory (unrebased),76.8877638186501,"AR6 World GHG, unrebased",SSP3,0.2684088978685751,SSP Basic Drivers v3.2 / OECD ENV-Growth 2025,billion USD_2010/yr,May 2025 update,0.2684088978685751,SSP Basic Drivers v3.2 / OECD ENV-Growth 2025,48.020799836136625,130.88832060460874,0.42975877154409964,0.5007908370110185,0.8581602133719632,SA2_AR6_dynamic_v32_split
SSP3-7.0,2042,MIGRATION 1.0,SSP3-7.0_zeromig,181.22665069219272,GDP|PPP,billion US$2010/yr,77.17673079073836,AR6 climate diagnostics|Infilled|Emissions|Kyoto Gases (AR6-GWP100),Mt CO2-equiv/yr,181.22665069219272,AR6 World GDP level and trajectory (unrebased),77.17673079073836,"AR6 World GHG, unrebased",SSP3,0.26651743701716657,SSP Basic Drivers v3.2 / OECD ENV-Growth 2025,billion USD_2010/yr,May 2025 update,0.26651743701716657,SSP Basic Drivers v3.2 / OECD ENV-Growth 2025,48.30006246168852,132.9265882305042,0.42585751320770365,0.5007908370110185,0.8503700182484247,SA2_AR6_dynamic_v32_split
SSP3-7.0,2043,MIGRATION 1.0,SSP3-7.0_zeromig,183.5742014727959,GDP|PPP,billion US$2010/yr,77.48415519443472,AR6 climate diagnostics|Infilled|Emissions|Kyoto Gases (AR6-GWP100),Mt CO2-equiv/yr,183.5742014727959,AR6 World GDP level and trajectory (unrebased),77.48415519443472,"AR6 World GHG, unrebased",SSP3,0.26464411523403775,SSP Basic Drivers v3.2 / OECD ENV-Growth 2025,billion USD_2010/yr,May 2025 update,0.26464411523403775,SSP Basic Drivers v3.2 / OECD ENV-Growth 2025,48.58183212856306,134.99236934423283,0.4220862984710692,0.5007908370110185,0.8428394996008731,SA2_AR6_dynamic_v32_split
SSP3-7.0,2044,MIGRATION 1.0,SSP3-7.0_zeromig,185.95216165867362,GDP|PPP,billion US$2010/yr,77.75533972422554,AR6 climate diagnostics|Infilled|Emissions|Kyoto Gases (AR6-GWP100),Mt CO2-equiv/yr,185.95216165867362,AR6 World GDP level and trajectory (unrebased),77.75533972422554,"AR6 World GHG, unrebased",SSP3,0.26278876789538647,SSP Basic Drivers v3.2 / OECD ENV-Growth 2025,billion USD_2010/yr,May 2025 update,0.26278876789538647,SSP Basic Drivers v3.2 / OECD ENV-Growth 2025,48.866139449766564,137.08602220890705,0.4181470063625834,0.5007908370110185,0.8349733570572164,SA2_AR6_dynamic_v32_split
SSP3-7.0,2045,MIGRATION 1.0,SSP3-7.0_zeromig,188.36092516332008,GDP|PPP,billion US$2010/yr,78.02963743283017,AR6 climate diagnostics|Infilled|Emissions|Kyoto Gases (AR6-GWP100),Mt CO2-equiv/yr,188.36092516332008,AR6 World GDP level and trajectory (unrebased),78.02963743283017,"AR6 World GHG, unrebased",SSP3,0.26095123206567483,SSP Basic Drivers v3.2 / OECD ENV-Growth 2025,billion USD_2010/yr,May 2025 update,0.26095123206567483,SSP Basic Drivers v3.2 / OECD ENV-Growth 2025,49.153015494398744,139.20790966892133,0.4142559682438056,0.5007908370110185,0.8272035700898639,SA2_AR6_dynamic_v32_split
SSP3-7.0,2046,MIGRATION 1.0,SSP3-7.0_zeromig,190.33151516008925,GDP|PPP,billion US$2010/yr,78.31160169311529,AR6 climate diagnostics|Infilled|Emissions|Kyoto Gases (AR6-GWP100),Mt CO2-equiv/yr,190.33151516008925,AR6 World GDP level and trajectory (unrebased),78.31160169311529,"AR6 World GHG, unrebased",SSP3,0.2593823741562579,SSP Basic Drivers v3.2 / OECD ENV-Growth 2025,billion USD_2010/yr,May 2025 update,0.2593823741562579,SSP Basic Drivers v3.2 / OECD ENV-Growth 2025,49.36864027898175,140.9628748811075,0.4114484226495377,0.5007908370110185,0.8215973461201427,SA2_AR6_dynamic_v32_split
SSP3-7.0,2047,MIGRATION 1.0,SSP3-7.0_zeromig,192.32272102998604,GDP|PPP,billion US$2010/yr,78.63740344432908,AR6 climate diagnostics|Infilled|Emissions|Kyoto Gases (AR6-GWP100),Mt CO2-equiv/yr,192.32272102998604,AR6 World GDP level and trajectory (unrebased),78.63740344432908,"AR6 World GHG, unrebased",SSP3,0.25782755374221183,SSP Basic Drivers v3.2 / OECD ENV-Growth 2025,billion USD_2010/yr,May 2025 update,0.25782755374221183,SSP Basic Drivers v3.2 / OECD ENV-Growth 2025,49.58609669220714,142.7366243377789,0.4088825440030474,0.5007908370110185,0.8164736927765536,SA2_AR6_dynamic_v32_split
SSP3-7.0,2048,MIGRATION 1.0,SSP3-7.0_zeromig,194.334758451678,GDP|PPP,billion US$2010/yr,78.94336759818462,AR6 climate diagnostics|Infilled|Emissions|Kyoto Gases (AR6-GWP100),Mt CO2-equiv/yr,194.334758451678,AR6 World GDP level and trajectory (unrebased),78.94336759818462,"AR6 World GHG, unrebased",SSP3,0.25628665093932446,SSP Basic Drivers v3.2 / OECD ENV-Growth 2025,billion USD_2010/yr,May 2025 update,0.25628665093932446,SSP Basic Drivers v3.2 / OECD ENV-Growth 2025,49.80540440468313,144.52935404699485,0.4062236124260507,0.5007908370110185,0.811164227465913,SA2_AR6_dynamic_v32_split
SSP3-7.0,2049,MIGRATION 1.0,SSP3-7.0_zeromig,196.36784536021483,GDP|PPP,billion US$2010/yr,79.18013974367007,AR6 climate diagnostics|Infilled|Emissions|Kyoto Gases (AR6-GWP100),Mt CO2-equiv/yr,196.36784536021483,AR6 World GDP level and trajectory (unrebased),79.18013974367007,"AR6 World GHG, unrebased",SSP3,0.25475954712157456,SSP Basic Drivers v3.2 / OECD ENV-Growth 2025,billion USD_2010/yr,May 2025 update,0.25475954712157456,SSP Basic Drivers v3.2 / OECD ENV-Growth 2025,50.02658335320771,146.34126200700712,0.40322355016129535,0.5007908370110185,0.8051735781907359,SA2_AR6_dynamic_v32_split
SSP3-7.0,2050,MIGRATION 1.0,SSP3-7.0_zeromig,198.4222019706341,GDP|PPP,billion US$2010/yr,79.44292267671723,AR6 climate diagnostics|Infilled|Emissions|Kyoto Gases (AR6-GWP100),Mt CO2-equiv/yr,198.4222019706341,AR6 World GDP level and trajectory (unrebased),79.44292267671723,"AR6 World GHG, unrebased",SSP3,0.2532461249073742,SSP Basic Drivers v3.2 / OECD ENV-Growth 2025,billion USD_2010/yr,May 2025 update,0.2532461249073742,SSP Basic Drivers v3.2 / OECD ENV-Growth 2025,50.24965374465143,148.17254822598267,0.4003731532445878,0.5007908370110185,0.7994817869157194,SA2_AR6_dynamic_v32_split
SSP5-8.5,2025,MIGRATION 1.0,SSP5-8.5_zeromig,144.2051385147961,GDP|PPP,billion US$2010/yr,64.5942315839048,AR6 climate diagnostics|Infilled|Emissions|Kyoto Gases (AR6-GWP100),Mt CO2-equiv/yr,144.2051385147961,AR6 World GDP level and trajectory (unrebased),64.5942315839048,"AR6 World GHG, unrebased",SSP5,0.31737521388421736,SSP Basic Drivers v3.2 / OECD ENV-Growth 2025,billion USD_2010/yr,May 2025 update,0.31737521388421736,SSP Basic Drivers v3.2 / OECD ENV-Growth 2025,45.7671366793366,98.43800183545949,0.4479329394859057,0.4479329394859057,1.0,SA2_AR6_dynamic_v32_split
SSP5-8.5,2026,MIGRATION 1.0,SSP5-8.5_zeromig,151.357011624834,GDP|PPP,billion US$2010/yr,65.79210477029503,AR6 climate diagnostics|Infilled|Emissions|Kyoto Gases (AR6-GWP100),Mt CO2-equiv/yr,151.357011624834,AR6 World GDP level and trajectory (unrebased),65.79210477029503,"AR6 World GHG, unrebased",SSP5,0.31351651197034136,SSP Basic Drivers v3.2 / OECD ENV-Growth 2025,billion USD_2010/yr,May 2025 update,0.31351651197034136,SSP Basic Drivers v3.2 / OECD ENV-Growth 2025,47.45292234687236,103.90408927796165,0.4346815787653946,0.4479329394859057,0.9704166415273685,SA2_AR6_dynamic_v32_split
SSP5-8.5,2027,MIGRATION 1.0,SSP5-8.5_zeromig,158.86358283723416,GDP|PPP,billion US$2010/yr,67.00330121011756,AR6 climate diagnostics|Infilled|Emissions|Kyoto Gases (AR6-GWP100),Mt CO2-equiv/yr,158.86358283723416,AR6 World GDP level and trajectory (unrebased),67.00330121011756,"AR6 World GHG, unrebased",SSP5,0.3097187220973011,SSP Basic Drivers v3.2 / OECD ENV-Growth 2025,billion USD_2010/yr,May 2025 update,0.3097187220973011,SSP Basic Drivers v3.2 / OECD ENV-Growth 2025,49.2030258641469,109.66055697308727,0.42176627275721645,0.4479329394859057,0.941583517482057,SA2_AR6_dynamic_v32_split
SSP5-8.5,2028,MIGRATION 1.0,SSP5-8.5_zeromig,166.7424434517702,GDP|PPP,billion US$2010/yr,68.23637709713807,AR6 climate diagnostics|Infilled|Emissions|Kyoto Gases (AR6-GWP100),Mt CO2-equiv/yr,166.7424434517702,AR6 World GDP level and trajectory (unrebased),68.23637709713807,"AR6 World GHG, unrebased",SSP5,0.30598090244512854,SSP Basic Drivers v3.2 / OECD ENV-Growth 2025,billion USD_2010/yr,May 2025 update,0.30598090244512854,SSP Basic Drivers v3.2 / OECD ENV-Growth 2025,51.020003323278466,115.72244012849174,0.40923220077961286,0.4479329394859057,0.913601489654434,SA2_AR6_dynamic_v32_split
SSP5-8.5,2029,MIGRATION 1.0,SSP5-8.5_zeromig,175.0120572110772,GDP|PPP,billion US$2010/yr,69.44699868380943,AR6 climate diagnostics|Infilled|Emissions|Kyoto Gases (AR6-GWP100),Mt CO2-equiv/yr,175.0120572110772,AR6 World GDP level and trajectory (unrebased),69.44699868380943,"AR6 World GHG, unrebased",SSP5,0.30230212717540417,SSP Basic Drivers v3.2 / OECD ENV-Growth 2025,billion USD_2010/yr,May 2025 update,0.30230212717540417,SSP Basic Drivers v3.2 / OECD ENV-Growth 2025,52.90651717625217,122.10554003482503,0.39681265274226973,0.4479329394859057,0.885875133893241,SA2_AR6_dynamic_v32_split
SSP5-8.5,2030,MIGRATION 1.0,SSP5-8.5_zeromig,183.69180356957398,GDP|PPP,billion US$2010/yr,70.65116392546554,AR6 climate diagnostics|Infilled|Emissions|Kyoto Gases (AR6-GWP100),Mt CO2-equiv/yr,183.69180356957398,AR6 World GDP level and trajectory (unrebased),70.65116392546554,"AR6 World GHG, unrebased",SSP5,0.2986814861502537,SSP Basic Drivers v3.2 / OECD ENV-Growth 2025,billion USD_2010/yr,May 2025 update,0.2986814861502537,SSP Basic Drivers v3.2 / OECD ENV-Growth 2025,54.86534088378083,128.82646268579316,0.38461794458186666,0.4479329394859057,0.8586507279935566,SA2_AR6_dynamic_v32_split
SSP5-8.5,2031,MIGRATION 1.0,SSP5-8.5_zeromig,192.3472811262712,GDP|PPP,billion US$2010/yr,72.19747313056408,AR6 climate diagnostics|Infilled|Emissions|Kyoto Gases (AR6-GWP100),Mt CO2-equiv/yr,192.3472811262712,AR6 World GDP level and trajectory (unrebased),72.19747313056408,"AR6 World GHG, unrebased",SSP5,0.2950244484721639,SSP Basic Drivers v3.2 / OECD ENV-Growth 2025,billion USD_2010/yr,May 2025 update,0.2950244484721639,SSP Basic Drivers v3.2 / OECD ENV-Growth 2025,56.747150529398425,135.6001305968728,0.3753495901154341,0.4479329394859057,0.8379593395078831,SA2_AR6_dynamic_v32_split
SSP5-8.5,2032,MIGRATION 1.0,SSP5-8.5_zeromig,201.41060100515517,GDP|PPP,billion US$2010/yr,73.73274308815951,AR6 climate diagnostics|Infilled|Emissions|Kyoto Gases (AR6-GWP100),Mt CO2-equiv/yr,201.41060100515517,AR6 World GDP level and trajectory (unrebased),73.73274308815951,"AR6 World GHG, unrebased",SSP5,0.2914201669316999,SSP Basic Drivers v3.2 / OECD ENV-Growth 2025,billion USD_2010/yr,May 2025 update,0.2914201669316999,SSP Basic Drivers v3.2 / OECD ENV-Growth 2025,58.69511096673633,142.71549003841884,0.36608173909511493,0.4479329394859057,0.8172690749540954,SA2_AR6_dynamic_v32_split
SSP5-8.5,2033,MIGRATION 1.0,SSP5-8.5_zeromig,210.9009805583224,GDP|PPP,billion US$2010/yr,75.19736489940942,AR6 climate diagnostics|Infilled|Emissions|Kyoto Gases (AR6-GWP100),Mt CO2-equiv/yr,210.9009805583224,AR6 World GDP level and trajectory (unrebased),75.19736489940942,"AR6 World GHG, unrebased",SSP5,0.2878678692324257,SSP Basic Drivers v3.2 / OECD ENV-Growth 2025,billion USD_2010/yr,May 2025 update,0.2878678692324257,SSP Basic Drivers v3.2 / OECD ENV-Growth 2025,60.71161589235351,150.1893646659689,0.3565529411022079,0.4479329394859057,0.7959962522770151,SA2_AR6_dynamic_v32_split
SSP5-8.5,2034,MIGRATION 1.0,SSP5-8.5_zeromig,220.8385426511057,GDP|PPP,billion US$2010/yr,76.63049363405406,AR6 climate diagnostics|Infilled|Emissions|Kyoto Gases (AR6-GWP100),Mt CO2-equiv/yr,220.8385426511057,AR6 World GDP level and trajectory (unrebased),76.63049363405406,"AR6 World GHG, unrebased",SSP5,0.28436679484155675,SSP Basic Drivers v3.2 / OECD ENV-Growth 2025,billion USD_2010/yr,May 2025 update,0.28436679484155675,SSP Basic Drivers v3.2 / OECD ENV-Growth 2025,62.79914855117536,158.03939409993035,0.3469978234511338,0.4479329394859057,0.7746646715675443,SA2_AR6_dynamic_v32_split
SSP5-8.5,2035,MIGRATION 1.0,SSP5-8.5_zeromig,231.244358329465,GDP|PPP,billion US$2010/yr,78.03757733775319,AR6 climate diagnostics|Infilled|Emissions|Kyoto Gases (AR6-GWP100),Mt CO2-equiv/yr,231.244358329465,AR6 World GDP level and trajectory (unrebased),78.03757733775319,"AR6 World GHG, unrebased",SSP5,0.28091619480564034,SSP Basic Drivers v3.2 / OECD ENV-Growth 2025,billion USD_2010/yr,May 2025 update,0.28091619480564034,SSP Basic Drivers v3.2 / OECD ENV-Growth 2025,64.96028521218528,166.28407311727972,0.3374680269023873,0.4479329394859057,0.7533896196374855,SA2_AR6_dynamic_v32_split
SSP5-8.5,2036,MIGRATION 1.0,SSP5-8.5_zeromig,240.72811483684964,GDP|PPP,billion US$2010/yr,78.74413274777001,AR6 climate diagnostics|Infilled|Emissions|Kyoto Gases (AR6-GWP100),Mt CO2-equiv/yr,240.72811483684964,AR6 World GDP level and trajectory (unrebased),78.74413274777001,"AR6 World GHG, unrebased",SSP5,0.2777714169497967,SSP Basic Drivers v3.2 / OECD ENV-Growth 2025,billion USD_2010/yr,May 2025 update,0.2777714169497967,SSP Basic Drivers v3.2 / OECD ENV-Growth 2025,66.8673895578851,173.86072527896454,0.3271081684876643,0.4479329394859057,0.7302614736551581,SA2_AR6_dynamic_v32_split
SSP5-8.5,2037,MIGRATION 1.0,SSP5-8.5_zeromig,250.6008176439028,GDP|PPP,billion US$2010/yr,80.40832264953174,AR6 climate diagnostics|Infilled|Emissions|Kyoto Gases (AR6-GWP100),Mt CO2-equiv/yr,250.6008176439028,AR6 World GDP level and trajectory (unrebased),80.40832264953174,"AR6 World GHG, unrebased",SSP5,0.27466600864166374,SSP Basic Drivers v3.2 / OECD ENV-Growth 2025,billion USD_2010/yr,May 2025 update,0.27466600864166374,SSP Basic Drivers v3.2 / OECD ENV-Growth 2025,68.8315263445882,181.7692912993146,0.32086217198137745,0.4479329394859057,0.7163174299028604,SA2_AR6_dynamic_v32_split
SSP5-8.5,2038,MIGRATION 1.0,SSP5-8.5_zeromig,260.8784181538368,GDP|PPP,billion US$2010/yr,81.91958879702197,AR6 climate diagnostics|Infilled|Emissions|Kyoto Gases (AR6-GWP100),Mt CO2-equiv/yr,260.8784181538368,AR6 World GDP level and trajectory (unrebased),81.91958879702197,"AR6 World GHG, unrebased",SSP5,0.27159945380348904,SSP Basic Drivers v3.2 / OECD ENV-Growth 2025,billion USD_2010/yr,May 2025 update,0.27159945380348904,SSP Basic Drivers v3.2 / OECD ENV-Growth 2025,70.85443587970029,190.02398227413647,0.31401443391424966,0.4479329394859057,0.7010300119358162,SA2_AR6_dynamic_v32_split
SSP5-8.5,2039,MIGRATION 1.0,SSP5-8.5_zeromig,271.5775219662541,GDP|PPP,billion US$2010/yr,83.31621659714449,AR6 climate diagnostics|Infilled|Emissions|Kyoto Gases (AR6-GWP100),Mt CO2-equiv/yr,271.5775219662541,AR6 World GDP level and trajectory (unrebased),83.31621659714449,"AR6 World GHG, unrebased",SSP5,0.26857124328813414,SSP Basic Drivers v3.2 / OECD ENV-Growth 2025,billion USD_2010/yr,May 2025 update,0.26857124328813414,SSP Basic Drivers v3.2 / OECD ENV-Growth 2025,72.93791272358742,198.63960924266667,0.3067861286675164,0.4479329394859057,0.6848929864805567,SA2_AR6_dynamic_v32_split
SSP5-8.5,2040,MIGRATION 1.0,SSP5-8.5_zeromig,282.7154157069408,GDP|PPP,billion US$2010/yr,84.69148965244209,AR6 climate diagnostics|Infilled|Emissions|Kyoto Gases (AR6-GWP100),Mt CO2-equiv/yr,282.7154157069408,AR6 World GDP level and trajectory (unrebased),84.69148965244209,"AR6 World GHG, unrebased",SSP5,0.2655808747843351,SSP Basic Drivers v3.2 / OECD ENV-Growth 2025,billion USD_2010/yr,May 2025 update,0.2655808747843351,SSP Basic Drivers v3.2 / OECD ENV-Growth 2025,75.0838074184663,207.63160828847452,0.2995644557997227,0.4479329394859057,0.6687707676589579,SA2_AR6_dynamic_v32_split
SSP5-8.5,2041,MIGRATION 1.0,SSP5-8.5_zeromig,292.8311588771492,GDP|PPP,billion US$2010/yr,86.27002436633171,AR6 climate diagnostics|Infilled|Emissions|Kyoto Gases (AR6-GWP100),Mt CO2-equiv/yr,292.8311588771492,AR6 World GDP level and trajectory (unrebased),86.27002436633171,"AR6 World GHG, unrebased",SSP5,0.2627796077642423,SSP Basic Drivers v3.2 / OECD ENV-Growth 2025,billion USD_2010/yr,May 2025 update,0.2627796077642423,SSP Basic Drivers v3.2 / OECD ENV-Growth 2025,76.95005707088579,215.88110180626342,0.29460671021871815,0.4479329394859057,0.6577027145108806,SA2_AR6_dynamic_v32_split
SSP5-8.5,2042,MIGRATION 1.0,SSP5-8.5_zeromig,303.30884997874205,GDP|PPP,billion US$2010/yr,87.83472081737825,AR6 climate diagnostics|Infilled|Emissions|Kyoto Gases (AR6-GWP100),Mt CO2-equiv/yr,303.30884997874205,AR6 World GDP level and trajectory (unrebased),87.83472081737825,"AR6 World GHG, unrebased",SSP5,0.2600122549711893,SSP Basic Drivers v3.2 / OECD ENV-Growth 2025,billion USD_2010/yr,May 2025 update,0.2600122549711893,SSP Basic Drivers v3.2 / OECD ENV-Growth 2025,78.86401803569088,224.44483194305116,0.2895883876238175,0.4479329394859057,0.6464994245705153,SA2_AR6_dynamic_v32_split
SSP5-8.5,2043,MIGRATION 1.0,SSP5-8.5_zeromig,314.16143974631484,GDP|PPP,billion US$2010/yr,89.41546869930593,AR6 climate diagnostics|Infilled|Emissions|Kyoto Gases (AR6-GWP100),Mt CO2-equiv/yr,314.16143974631484,AR6 World GDP level and trajectory (unrebased),89.41546869930593,"AR6 World GHG, unrebased",SSP5,0.257278385744279,SSP Basic Drivers v3.2 / OECD ENV-Growth 2025,billion USD_2010/yr,May 2025 update,0.257278385744279,SSP Basic Drivers v3.2 / OECD ENV-Growth 2025,80.82694808103047,233.33449166528436,0.2846163067355079,0.4479329394859057,0.6353993681781097,SA2_AR6_dynamic_v32_split
SSP5-8.5,2044,MIGRATION 1.0,SSP5-8.5_zeromig,325.4023423002487,GDP|PPP,billion US$2010/yr,90.98603013298624,AR6 climate diagnostics|Infilled|Emissions|Kyoto Gases (AR6-GWP100),Mt CO2-equiv/yr,325.4023423002487,AR6 World GDP level and trajectory (unrebased),90.98603013298624,"AR6 World GHG, unrebased",SSP5,0.25457757509674406,SSP Basic Drivers v3.2 / OECD ENV-Growth 2025,billion USD_2010/yr,May 2025 update,0.25457757509674406,SSP Basic Drivers v3.2 / OECD ENV-Growth 2025,82.84013923359797,242.5622030666507,0.27961086416837605,0.4479329394859057,0.6242248326039306,SA2_AR6_dynamic_v32_split
SSP5-8.5,2045,MIGRATION 1.0,SSP5-8.5_zeromig,337.04545172695816,GDP|PPP,billion US$2010/yr,92.55115472069208,AR6 climate diagnostics|Infilled|Emissions|Kyoto Gases (AR6-GWP100),Mt CO2-equiv/yr,337.04545172695816,AR6 World GDP level and trajectory (unrebased),92.55115472069208,"AR6 World GHG, unrebased",SSP5,0.2519094036382369,SSP Basic Drivers v3.2 / OECD ENV-Growth 2025,billion USD_2010/yr,May 2025 update,0.2519094036382369,SSP Basic Drivers v3.2 / OECD ENV-Growth 2025,84.9049187435182,252.14053298343998,0.2745954714608288,0.4479329394859057,0.613028083569793,SA2_AR6_dynamic_v32_split
SSP5-8.5,2046,MIGRATION 1.0,SSP5-8.5_zeromig,347.51518409717266,GDP|PPP,billion US$2010/yr,94.06576279174041,AR6 climate diagnostics|Infilled|Emissions|Kyoto Gases (AR6-GWP100),Mt CO2-equiv/yr,347.51518409717266,AR6 World GDP level and trajectory (unrebased),94.06576279174041,"AR6 World GHG, unrebased",SSP5,0.24963499769386135,SSP Basic Drivers v3.2 / OECD ENV-Growth 2025,billion USD_2010/yr,May 2025 update,0.24963499769386135,SSP Basic Drivers v3.2 / OECD ENV-Growth 2025,86.7519521806795,260.76323191649317,0.2706810150932502,0.4479329394859057,0.6042891496301027,SA2_AR6_dynamic_v32_split
SSP5-8.5,2047,MIGRATION 1.0,SSP5-8.5_zeromig,358.3101405442649,GDP|PPP,billion US$2010/yr,95.57210505492849,AR6 climate diagnostics|Infilled|Emissions|Kyoto Gases (AR6-GWP100),Mt CO2-equiv/yr,358.3101405442649,AR6 World GDP level and trajectory (unrebased),95.57210505492849,"AR6 World GHG, unrebased",SSP5,0.2473854938150859,SSP Basic Drivers v3.2 / OECD ENV-Growth 2025,billion USD_2010/yr,May 2025 update,0.2473854938150859,SSP Basic Drivers v3.2 / OECD ENV-Growth 2025,88.64073105749581,269.6694094867691,0.266730115172729,0.4479329394859057,0.5954688562954449,SA2_AR6_dynamic_v32_split
SSP5-8.5,2048,MIGRATION 1.0,SSP5-8.5_zeromig,369.4404235901001,GDP|PPP,billion US$2010/yr,97.07250148891433,AR6 climate diagnostics|Infilled|Emissions|Kyoto Gases (AR6-GWP100),Mt CO2-equiv/yr,369.4404235901001,AR6 World GDP level and trajectory (unrebased),97.07250148891433,"AR6 World GHG, unrebased",SSP5,0.24516060219343114,SSP Basic Drivers v3.2 / OECD ENV-Growth 2025,billion USD_2010/yr,May 2025 update,0.24516060219343114,SSP Basic Drivers v3.2 / OECD ENV-Growth 2025,90.57223672194523,278.8681868681549,0.2627554953126022,0.4479329394859057,0.5865956087403791,SA2_AR6_dynamic_v32_split
SSP5-8.5,2049,MIGRATION 1.0,SSP5-8.5_zeromig,380.9164495738606,GDP|PPP,billion US$2010/yr,98.57139136284125,AR6 climate diagnostics|Infilled|Emissions|Kyoto Gases (AR6-GWP100),Mt CO2-equiv/yr,380.9164495738606,AR6 World GDP level and trajectory (unrebased),98.57139136284125,"AR6 World GHG, unrebased",SSP5,0.24296003667712063,SSP Basic Drivers v3.2 / OECD ENV-Growth 2025,billion USD_2010/yr,May 2025 update,0.24296003667712063,SSP Basic Drivers v3.2 / OECD ENV-Growth 2025,92.54747455938373,288.36897501447686,0.25877430988636796,0.4479329394859057,0.5777077037097655,SA2_AR6_dynamic_v32_split
SSP5-8.5,2050,MIGRATION 1.0,SSP5-8.5_zeromig,392.7489584002411,GDP|PPP,billion US$2010/yr,100.07325949968876,AR6 climate diagnostics|Infilled|Emissions|Kyoto Gases (AR6-GWP100),Mt CO2-equiv/yr,392.7489584002411,AR6 World GDP level and trajectory (unrebased),100.07325949968876,"AR6 World GHG, unrebased",SSP5,0.2407835147203861,SSP Basic Drivers v3.2 / OECD ENV-Growth 2025,billion USD_2010/yr,May 2025 update,0.2407835147203861,SSP Basic Drivers v3.2 / OECD ENV-Growth 2025,94.56747460638076,298.18148379386037,0.2548021003220752,0.4479329394859057,0.5688398370847934,SA2_AR6_dynamic_v32_split
