scenario_code,scenario,cum_E_mil_2026_2050_GtCO2e,cum_E_mil_CO2_Gt,pct_1p5_budget_used,pct_2C_budget_used,pct_1p5_budget_remaining,combined_model,combined_model_label,projected_pathway,trajectory_label,analysis,ssp,s_mil_2025_assumed,cum_E_mil_Gt
S0,Baseline,97.52804826479556,72.17075571594872,55.515965935345164,6.87340530628083,44.484034064654836,Original,Original model — MER reference parameterisation (2025 military footprint 5.5%; g=3%/yr; d_mil=1%/yr; d_rest=1%/yr; epsilon=0),Original model reference parameterisation,Original model — MER reference parameterisation (2025 military footprint 5.5%; g=3%/yr; d_mil=1%/yr; d_rest=1%/yr; epsilon=0) — S0: Baseline,,,,
S1,"NATO→3.5%, nonNATO holds",110.87254239540329,82.04568137259844,63.1120625943065,7.8138744164379474,36.8879374056935,Original,Original model — MER reference parameterisation (2025 military footprint 5.5%; g=3%/yr; d_mil=1%/yr; d_rest=1%/yr; epsilon=0),Original model reference parameterisation,Original model — MER reference parameterisation (2025 military footprint 5.5%; g=3%/yr; d_mil=1%/yr; d_rest=1%/yr; epsilon=0) — S1: NATO 3.5%,,,,
S2,"NATO→3.5%, nonNATO→3.5%",130.76961395483076,96.76951432657476,74.43808794351905,9.21614422157855,25.56191205648095,Original,Original model — MER reference parameterisation (2025 military footprint 5.5%; g=3%/yr; d_mil=1%/yr; d_rest=1%/yr; epsilon=0),Original model reference parameterisation,Original model — MER reference parameterisation (2025 military footprint 5.5%; g=3%/yr; d_mil=1%/yr; d_rest=1%/yr; epsilon=0) — S2: NATO/non-NATO 3.5%,,,,
S3,"NATO→5%, nonNATO→3.5%",155.79054044972023,115.28499993279297,88.6807691790715,10.97952380312314,11.319230820928496,Original,Original model — MER reference parameterisation (2025 military footprint 5.5%; g=3%/yr; d_mil=1%/yr; d_rest=1%/yr; epsilon=0),Original model reference parameterisation,Original model — MER reference parameterisation (2025 military footprint 5.5%; g=3%/yr; d_mil=1%/yr; d_rest=1%/yr; epsilon=0) — S3: NATO 5%; non-NATO 3.5%,,,,
S0,Baseline,25.079307200857198,18.558687328634328,14.275913329718714,1.7674940312985075,85.72408667028128,SA1,SA1 — AR6 pathways; fixed NATO GDP share (s_NATO=0.5018),SSP1-1.9,SA1 — AR6 pathways; fixed NATO GDP share (s_NATO=0.5018) — SSP1-1.9 — S0: Baseline,SA1_AR6_fixed_split,SSP1-1.9,0.055,
S1,"NATO→3.5%, nonNATO holds",27.903166563047098,20.64834325665485,15.88334096665758,1.9665088815861764,84.11665903334242,SA1,SA1 — AR6 pathways; fixed NATO GDP share (s_NATO=0.5018),SSP1-1.9,SA1 — AR6 pathways; fixed NATO GDP share (s_NATO=0.5018) — SSP1-1.9 — S1: NATO 3.5%,SA1_AR6_fixed_split,SSP1-1.9,0.055,
S2,"NATO→3.5%, nonNATO→3.5%",32.11363203692211,23.764087707322364,18.28006746717105,2.2632464483164156,81.71993253282895,SA1,SA1 — AR6 pathways; fixed NATO GDP share (s_NATO=0.5018),SSP1-1.9,SA1 — AR6 pathways; fixed NATO GDP share (s_NATO=0.5018) — SSP1-1.9 — S2: NATO/non-NATO 3.5%,SA1_AR6_fixed_split,SSP1-1.9,0.055,
S3,"NATO→5%, nonNATO→3.5%",37.408368341028165,27.68219257236084,21.293994286431417,2.636399292605794,78.70600571356859,SA1,SA1 — AR6 pathways; fixed NATO GDP share (s_NATO=0.5018),SSP1-1.9,SA1 — AR6 pathways; fixed NATO GDP share (s_NATO=0.5018) — SSP1-1.9 — S3: NATO 5%; non-NATO 3.5%,SA1_AR6_fixed_split,SSP1-1.9,0.055,
S0,Baseline,51.3015296113212,37.96313191237769,29.202409163367452,3.615536372607399,70.79759083663255,SA1,SA1 — AR6 pathways; fixed NATO GDP share (s_NATO=0.5018),SSP1-2.6,SA1 — AR6 pathways; fixed NATO GDP share (s_NATO=0.5018) — SSP1-2.6 — S0: Baseline,SA1_AR6_fixed_split,SSP1-2.6,0.055,
S1,"NATO→3.5%, nonNATO holds",57.68097328683983,42.68392023226147,32.83378479404728,4.065135260215378,67.16621520595271,SA1,SA1 — AR6 pathways; fixed NATO GDP share (s_NATO=0.5018),SSP1-2.6,SA1 — AR6 pathways; fixed NATO GDP share (s_NATO=0.5018) — SSP1-2.6 — S1: NATO 3.5%,SA1_AR6_fixed_split,SSP1-2.6,0.055,
S2,"NATO→3.5%, nonNATO→3.5%",67.19292975958403,49.72276802209218,38.24828309391707,4.735501716389732,61.75171690608293,SA1,SA1 — AR6 pathways; fixed NATO GDP share (s_NATO=0.5018),SSP1-2.6,SA1 — AR6 pathways; fixed NATO GDP share (s_NATO=0.5018) — SSP1-2.6 — S2: NATO/non-NATO 3.5%,SA1_AR6_fixed_split,SSP1-2.6,0.055,
S3,"NATO→5%, nonNATO→3.5%",79.15438665118145,58.574246121874275,45.05711240144175,5.578499630654693,54.94288759855825,SA1,SA1 — AR6 pathways; fixed NATO GDP share (s_NATO=0.5018),SSP1-2.6,SA1 — AR6 pathways; fixed NATO GDP share (s_NATO=0.5018) — SSP1-2.6 — S3: NATO 5%; non-NATO 3.5%,SA1_AR6_fixed_split,SSP1-2.6,0.055,
S0,Baseline,76.15834603508799,56.35717606596511,43.351673896896244,5.367350101520487,56.648326103103756,SA1,SA1 — AR6 pathways; fixed NATO GDP share (s_NATO=0.5018),SSP2-4.5,SA1 — AR6 pathways; fixed NATO GDP share (s_NATO=0.5018) — SSP2-4.5 — S0: Baseline,SA1_AR6_fixed_split,SSP2-4.5,0.055,
S1,"NATO→3.5%, nonNATO holds",86.17762750017326,63.77144435012821,49.05495719240632,6.073470890488402,50.94504280759368,SA1,SA1 — AR6 pathways; fixed NATO GDP share (s_NATO=0.5018),SSP2-4.5,SA1 — AR6 pathways; fixed NATO GDP share (s_NATO=0.5018) — SSP2-4.5 — S1: NATO 3.5%,SA1_AR6_fixed_split,SSP2-4.5,0.055,
S2,"NATO→3.5%, nonNATO→3.5%",101.11669962487794,74.82635772240967,57.5587367095459,7.126319783086635,42.4412632904541,SA1,SA1 — AR6 pathways; fixed NATO GDP share (s_NATO=0.5018),SSP2-4.5,SA1 — AR6 pathways; fixed NATO GDP share (s_NATO=0.5018) — SSP2-4.5 — S2: NATO/non-NATO 3.5%,SA1_AR6_fixed_split,SSP2-4.5,0.055,
S3,"NATO→5%, nonNATO→3.5%",119.90285237191283,88.7281107552155,68.2523928886273,8.450296262401476,31.7476071113727,SA1,SA1 — AR6 pathways; fixed NATO GDP share (s_NATO=0.5018),SSP2-4.5,SA1 — AR6 pathways; fixed NATO GDP share (s_NATO=0.5018) — SSP2-4.5 — S3: NATO 5%; non-NATO 3.5%,SA1_AR6_fixed_split,SSP2-4.5,0.055,
S0,Baseline,102.72526102656718,76.01669315965971,58.47437935358439,7.2396850628247345,41.52562064641561,SA1,SA1 — AR6 pathways; fixed NATO GDP share (s_NATO=0.5018),SSP3-7.0,SA1 — AR6 pathways; fixed NATO GDP share (s_NATO=0.5018) — SSP3-7.0 — S0: Baseline,SA1_AR6_fixed_split,SSP3-7.0,0.055,
S1,"NATO→3.5%, nonNATO holds",116.4636457501302,86.18309785509635,66.29469065776642,8.207914081437748,33.705309342233576,SA1,SA1 — AR6 pathways; fixed NATO GDP share (s_NATO=0.5018),SSP3-7.0,SA1 — AR6 pathways; fixed NATO GDP share (s_NATO=0.5018) — SSP3-7.0 — S1: NATO 3.5%,SA1_AR6_fixed_split,SSP3-7.0,0.055,
S2,"NATO→3.5%, nonNATO→3.5%",136.9480208999306,101.34153546594865,77.95502728149897,9.651574806280824,22.04497271850103,SA1,SA1 — AR6 pathways; fixed NATO GDP share (s_NATO=0.5018),SSP3-7.0,SA1 — AR6 pathways; fixed NATO GDP share (s_NATO=0.5018) — SSP3-7.0 — S2: NATO/non-NATO 3.5%,SA1_AR6_fixed_split,SSP3-7.0,0.055,
S3,"NATO→5%, nonNATO→3.5%",162.70749225661126,120.40354426989234,92.61811097684026,11.467004216180223,7.381889023159744,SA1,SA1 — AR6 pathways; fixed NATO GDP share (s_NATO=0.5018),SSP3-7.0,SA1 — AR6 pathways; fixed NATO GDP share (s_NATO=0.5018) — SSP3-7.0 — S3: NATO 5%; non-NATO 3.5%,SA1_AR6_fixed_split,SSP3-7.0,0.055,
S0,Baseline,113.2129771935516,83.77760312322818,64.44431009479091,7.9788193450693505,35.55568990520909,SA1,SA1 — AR6 pathways; fixed NATO GDP share (s_NATO=0.5018),SSP5-8.5,SA1 — AR6 pathways; fixed NATO GDP share (s_NATO=0.5018) — SSP5-8.5 — S0: Baseline,SA1_AR6_fixed_split,SSP5-8.5,0.055,
S1,"NATO→3.5%, nonNATO holds",128.65782766098187,95.20679246912658,73.23599420702044,9.067313568488245,26.76400579297956,SA1,SA1 — AR6 pathways; fixed NATO GDP share (s_NATO=0.5018),SSP5-8.5,SA1 — AR6 pathways; fixed NATO GDP share (s_NATO=0.5018) — SSP5-8.5 — S1: NATO 3.5%,SA1_AR6_fixed_split,SSP5-8.5,0.055,
S2,"NATO→3.5%, nonNATO→3.5%",151.68659832605024,112.24808276127717,86.3446790471363,10.690293596312113,13.655320952863704,SA1,SA1 — AR6 pathways; fixed NATO GDP share (s_NATO=0.5018),SSP5-8.5,SA1 — AR6 pathways; fixed NATO GDP share (s_NATO=0.5018) — SSP5-8.5 — S2: NATO/non-NATO 3.5%,SA1_AR6_fixed_split,SSP5-8.5,0.055,
S3,"NATO→5%, nonNATO→3.5%",180.64569295248197,133.67781278483665,102.82908675756664,12.731220265222538,-2.8290867575666425,SA1,SA1 — AR6 pathways; fixed NATO GDP share (s_NATO=0.5018),SSP5-8.5,SA1 — AR6 pathways; fixed NATO GDP share (s_NATO=0.5018) — SSP5-8.5 — S3: NATO 5%; non-NATO 3.5%,SA1_AR6_fixed_split,SSP5-8.5,0.055,
S0,Baseline,24.98134129715314,18.486192559893322,14.220148122994864,1.760589767608888,85.77985187700514,SA2,SA2 — AR6 pathways; evolving NATO GDP share from SSP Basic Drivers v3.2,SSP1-1.9,SA2 — AR6 pathways; evolving NATO GDP share from SSP Basic Drivers v3.2 — SSP1-1.9 — S0: Baseline,SA2_AR6_dynamic_v32_split,SSP1-1.9,0.055,
S1,"NATO→3.5%, nonNATO holds",26.528273731090906,19.63092256100727,15.100709662313285,1.869611672476883,84.89929033768672,SA2,SA2 — AR6 pathways; evolving NATO GDP share from SSP Basic Drivers v3.2,SSP1-1.9,SA2 — AR6 pathways; evolving NATO GDP share from SSP Basic Drivers v3.2 — SSP1-1.9 — S1: NATO 3.5%,SA2_AR6_dynamic_v32_split,SSP1-1.9,0.055,
S2,"NATO→3.5%, nonNATO→3.5%",32.10322768585105,23.75638848752978,18.274144990407525,2.2625131892885504,81.72585500959248,SA2,SA2 — AR6 pathways; evolving NATO GDP share from SSP Basic Drivers v3.2,SSP1-1.9,SA2 — AR6 pathways; evolving NATO GDP share from SSP Basic Drivers v3.2 — SSP1-1.9 — S2: NATO/non-NATO 3.5%,SA2_AR6_dynamic_v32_split,SSP1-1.9,0.055,
S3,"NATO→5%, nonNATO→3.5%",35.00372599948436,25.902757239618424,19.925197876629557,2.4669292609160403,80.07480212337045,SA2,SA2 — AR6 pathways; evolving NATO GDP share from SSP Basic Drivers v3.2,SSP1-1.9,SA2 — AR6 pathways; evolving NATO GDP share from SSP Basic Drivers v3.2 — SSP1-1.9 — S3: NATO 5%; non-NATO 3.5%,SA2_AR6_dynamic_v32_split,SSP1-1.9,0.055,
S0,Baseline,51.06878745598724,37.790902717430555,29.069925167254272,3.5991335921362433,70.93007483274573,SA2,SA2 — AR6 pathways; evolving NATO GDP share from SSP Basic Drivers v3.2,SSP1-2.6,SA2 — AR6 pathways; evolving NATO GDP share from SSP Basic Drivers v3.2 — SSP1-2.6 — S0: Baseline,SA2_AR6_dynamic_v32_split,SSP1-2.6,0.055,
S1,"NATO→3.5%, nonNATO holds",54.51425109223854,40.340545808256515,31.031189083274242,3.8419567436434776,68.96881091672576,SA2,SA2 — AR6 pathways; evolving NATO GDP share from SSP Basic Drivers v3.2,SSP1-2.6,SA2 — AR6 pathways; evolving NATO GDP share from SSP Basic Drivers v3.2 — SSP1-2.6 — S1: NATO 3.5%,SA2_AR6_dynamic_v32_split,SSP1-2.6,0.055,
S2,"NATO→3.5%, nonNATO→3.5%",67.17603537914468,49.71026618056706,38.23866629274389,4.734311064815911,61.76133370725611,SA2,SA2 — AR6 pathways; evolving NATO GDP share from SSP Basic Drivers v3.2,SSP1-2.6,SA2 — AR6 pathways; evolving NATO GDP share from SSP Basic Drivers v3.2 — SSP1-2.6 — S2: NATO/non-NATO 3.5%,SA2_AR6_dynamic_v32_split,SSP1-2.6,0.055,
S3,"NATO→5%, nonNATO→3.5%",73.63627969711587,54.49084697586574,41.91603613528134,5.1896044738919755,58.08396386471866,SA2,SA2 — AR6 pathways; evolving NATO GDP share from SSP Basic Drivers v3.2,SSP1-2.6,SA2 — AR6 pathways; evolving NATO GDP share from SSP Basic Drivers v3.2 — SSP1-2.6 — S3: NATO 5%; non-NATO 3.5%,SA2_AR6_dynamic_v32_split,SSP1-2.6,0.055,
S0,Baseline,75.79192454370752,56.08602416234357,43.143095509495055,5.341526110699388,56.856904490504945,SA2,SA2 — AR6 pathways; evolving NATO GDP share from SSP Basic Drivers v3.2,SSP2-4.5,SA2 — AR6 pathways; evolving NATO GDP share from SSP Basic Drivers v3.2 — SSP2-4.5 — S0: Baseline,SA2_AR6_dynamic_v32_split,SSP2-4.5,0.055,
S1,"NATO→3.5%, nonNATO holds",81.18433360120292,60.07640686489016,46.21262066530012,5.721562558560968,53.78737933469988,SA2,SA2 — AR6 pathways; evolving NATO GDP share from SSP Basic Drivers v3.2,SSP2-4.5,SA2 — AR6 pathways; evolving NATO GDP share from SSP Basic Drivers v3.2 — SSP2-4.5 — S1: NATO 3.5%,SA2_AR6_dynamic_v32_split,SSP2-4.5,0.055,
S2,"NATO→3.5%, nonNATO→3.5%",101.09619490154888,74.81118422714617,57.54706479011244,7.124874688299635,42.45293520988756,SA2,SA2 — AR6 pathways; evolving NATO GDP share from SSP Basic Drivers v3.2,SSP2-4.5,SA2 — AR6 pathways; evolving NATO GDP share from SSP Basic Drivers v3.2 — SSP2-4.5 — S2: NATO/non-NATO 3.5%,SA2_AR6_dynamic_v32_split,SSP2-4.5,0.055,
S3,"NATO→5%, nonNATO→3.5%",111.20696188435276,82.29315179442105,63.30242445724696,7.8374430280400995,36.69757554275304,SA2,SA2 — AR6 pathways; evolving NATO GDP share from SSP Basic Drivers v3.2,SSP2-4.5,SA2 — AR6 pathways; evolving NATO GDP share from SSP Basic Drivers v3.2 — SSP2-4.5 — S3: NATO 5%; non-NATO 3.5%,SA2_AR6_dynamic_v32_split,SSP2-4.5,0.055,
S0,Baseline,102.24257600117862,75.65950624087218,58.19962018528629,7.205667261035446,41.80037981471371,SA2,SA2 — AR6 pathways; evolving NATO GDP share from SSP Basic Drivers v3.2,SSP3-7.0,SA2 — AR6 pathways; evolving NATO GDP share from SSP Basic Drivers v3.2 — SSP3-7.0 — S0: Baseline,SA2_AR6_dynamic_v32_split,SSP3-7.0,0.055,
S1,"NATO→3.5%, nonNATO holds",109.68475694469744,81.1667201390761,62.43593856852008,7.7301638227691525,37.56406143147992,SA2,SA2 — AR6 pathways; evolving NATO GDP share from SSP Basic Drivers v3.2,SSP3-7.0,SA2 — AR6 pathways; evolving NATO GDP share from SSP Basic Drivers v3.2 — SSP3-7.0 — S1: NATO 3.5%,SA2_AR6_dynamic_v32_split,SSP3-7.0,0.055,
S2,"NATO→3.5%, nonNATO→3.5%",136.92203011582296,101.32230228570899,77.94023252746845,9.649743074829427,22.059767472531547,SA2,SA2 — AR6 pathways; evolving NATO GDP share from SSP Basic Drivers v3.2,SSP3-7.0,SA2 — AR6 pathways; evolving NATO GDP share from SSP Basic Drivers v3.2 — SSP3-7.0 — S2: NATO/non-NATO 3.5%,SA2_AR6_dynamic_v32_split,SSP3-7.0,0.055,
S3,"NATO→5%, nonNATO→3.5%",150.8761193849207,111.64832834484133,85.8833294960318,10.633174128080128,14.116670503968194,SA2,SA2 — AR6 pathways; evolving NATO GDP share from SSP Basic Drivers v3.2,SSP3-7.0,SA2 — AR6 pathways; evolving NATO GDP share from SSP Basic Drivers v3.2 — SSP3-7.0 — S3: NATO 5%; non-NATO 3.5%,SA2_AR6_dynamic_v32_split,SSP3-7.0,0.055,
S0,Baseline,112.5957750091722,83.32087350678742,64.09297962060572,7.935321286360708,35.90702037939428,SA2,SA2 — AR6 pathways; evolving NATO GDP share from SSP Basic Drivers v3.2,SSP5-8.5,SA2 — AR6 pathways; evolving NATO GDP share from SSP Basic Drivers v3.2 — SSP5-8.5 — S0: Baseline,SA2_AR6_dynamic_v32_split,SSP5-8.5,0.055,
S1,"NATO→3.5%, nonNATO holds",120.7501092545833,89.35508084839164,68.73467757568588,8.510007699846824,31.26532242431412,SA2,SA2 — AR6 pathways; evolving NATO GDP share from SSP Basic Drivers v3.2,SSP5-8.5,SA2 — AR6 pathways; evolving NATO GDP share from SSP Basic Drivers v3.2 — SSP5-8.5 — S1: NATO 3.5%,SA2_AR6_dynamic_v32_split,SSP5-8.5,0.055,
S2,"NATO→3.5%, nonNATO→3.5%",151.66054254306184,112.22880148186576,86.32984729374289,10.688457283987216,13.670152706257113,SA2,SA2 — AR6 pathways; evolving NATO GDP share from SSP Basic Drivers v3.2,SSP5-8.5,SA2 — AR6 pathways; evolving NATO GDP share from SSP Basic Drivers v3.2 — SSP5-8.5 — S2: NATO/non-NATO 3.5%,SA2_AR6_dynamic_v32_split,SSP5-8.5,0.055,
S3,"NATO→5%, nonNATO→3.5%",166.94991925320764,123.54294024737365,95.03303095951819,11.76599430927368,4.966969040481814,SA2,SA2 — AR6 pathways; evolving NATO GDP share from SSP Basic Drivers v3.2,SSP5-8.5,SA2 — AR6 pathways; evolving NATO GDP share from SSP Basic Drivers v3.2 — SSP5-8.5 — S3: NATO 5%; non-NATO 3.5%,SA2_AR6_dynamic_v32_split,SSP5-8.5,0.055,
S0,Baseline,,72.17075571594872,55.515965935345164,6.87340530628083,,SA3,SA3 — PPP recalibration using IMF WEO PPPGDP (g=3%/yr; d_mil=1%/yr; d_rest=1%/yr; epsilon=0),PPP recalibrated original-model dynamics,SA3 — PPP recalibration using IMF WEO PPPGDP (g=3%/yr; d_mil=1%/yr; d_rest=1%/yr; epsilon=0) — S0: Baseline,,,0.055,97.52804826479556
S1,"NATO→3.5%, nonNATO holds",,78.76502507175245,60.588480824424956,7.5014309592145185,,SA3,SA3 — PPP recalibration using IMF WEO PPPGDP (g=3%/yr; d_mil=1%/yr; d_rest=1%/yr; epsilon=0),PPP recalibrated original-model dynamics,SA3 — PPP recalibration using IMF WEO PPPGDP (g=3%/yr; d_mil=1%/yr; d_rest=1%/yr; epsilon=0) — S1: NATO 3.5%,,,0.055,106.43922306993574
S2,"NATO→3.5%, nonNATO→3.5%",,96.76951432657474,74.43808794351902,9.216144221578546,,SA3,SA3 — PPP recalibration using IMF WEO PPPGDP (g=3%/yr; d_mil=1%/yr; d_rest=1%/yr; epsilon=0),PPP recalibrated original-model dynamics,SA3 — PPP recalibration using IMF WEO PPPGDP (g=3%/yr; d_mil=1%/yr; d_rest=1%/yr; epsilon=0) — S2: NATO/non-NATO 3.5%,,,0.055,130.76961395483073
S3,"NATO→5%, nonNATO→3.5%",,109.13376936870675,83.94905336054364,10.393692320829214,,SA3,SA3 — PPP recalibration using IMF WEO PPPGDP (g=3%/yr; d_mil=1%/yr; d_rest=1%/yr; epsilon=0),PPP recalibrated original-model dynamics,SA3 — PPP recalibration using IMF WEO PPPGDP (g=3%/yr; d_mil=1%/yr; d_rest=1%/yr; epsilon=0) — S3: NATO 5%; non-NATO 3.5%,,,0.055,147.47806671446858
